,WOJEWÓDZTWO,TYP,NAZWA URZĘDU,KOD,MIASTO,ULICA,NR BUDYNKU / LOKALU,POCZTA,NR TELEFONU   wraz z nr kierunkowym,NR FAXU,ADRES E-MAIL URZĘDU,kod jednostki,ADRESY STRON BIP JEDNOSTEK KAS
1,dolnośląskie,US,Urząd Skarbowy w Bolesławcu,59-700,Bolesławiec,Garncarska ,10,Bolesławiec,(22) 460 59 93,(75) 646-52-01,us.boleslawiec@mf.gov.pl,202,www.dolnoslaskie.kas.gov.pl/urzad-skarbowy-w-boleslawcu
2,dolnośląskie,US,Urząd Skarbowy w Bystrzycy Kłodzkiej,57-500,Bystrzyca Kłodzka,Adama Mickiewicza ,5,Bystrzyca Kłodzka,(22) 460 59 93,(74) 811-11-27,us.bystrzyca_klodzka@mf.gov.pl,203,www.dolnoslaskie.kas.gov.pl/urzad-skarbowy-w-bystrzycy-klodzkiej
3,dolnośląskie,US,Urząd Skarbowy w  Dzierżoniowie,58-200,Dzierżoniów,Pocztowa ,14,Dzierżoniów,(22) 460 59 93,-,us.dzierzoniow@mf.gov.pl,204,www.dolnoslaskie.kas.gov.pl/urzad-skarbowy-w-dzierzoniowie
4,dolnośląskie,US,Urząd Skarbowy w Głogowie,67-200,Głogów,Adama Mickiewicza ,53,Głogów,(22) 460 59 93,(76) 727-24-01,us.glogow@mf.gov.pl,205,www.dolnoslaskie.kas.gov.pl/urzad-skarbowy-w-glogowie
5,dolnośląskie,US,Urząd Skarbowy w Jaworze,59-400,Jawor,Jurija Gagarina ,5,Jawor,(22) 460 59 93,(76) 870-62-24,us.jawor@mf.gov.pl,206,www.dolnoslaskie.kas.gov.pl/urzad-skarbowy-w-jaworze
6,dolnośląskie,US,Urząd Skarbowy w Jeleniej Górze,58-506,Jelenia Góra,Adama Thebesiusa,1,Jelenia Góra,(22) 460 59 93,(75) 647-35-37,us.jelenia_gora@mf.gov.pl,207,www.dolnoslaskie.kas.gov.pl/urzad-skarbowy-w-jeleniej-gorze
7,dolnośląskie,US,Urząd Skarbowy w Kamiennej Górze,58-400,Kamienna Góra,Papieża Jana Pawła II ,18,Kamienna Góra,(22) 460 59 93,(75) 744-93-92,us.kamienna_gora@mf.gov.pl,208,www.dolnoslaskie.kas.gov.pl/urzad-skarbowy-w-kamiennej-gorze
8,dolnośląskie,US,Urząd Skarbowy w Kłodzku,57-300,Kłodzko,Stanisławy Walasiewiczówny,1,Kłodzko,(22) 460 59 93,(74) 647-43-70,us.klodzko@mf.gov.pl,209,www.dolnoslaskie.kas.gov.pl/urzad-skarbowy-w-klodzku
9,dolnośląskie,US,Urząd Skarbowy w Legnicy,59-220,Legnica,Wrocławska ,37,Legnica,(22) 460 59 93,(76) 851-15-01,us.legnica@mf.gov.pl,210,www.dolnoslaskie.kas.gov.pl/urzad-skarbowy-w-legnicy
10,dolnośląskie,US,Urząd Skarbowy w Lubaniu,59-800,Lubań,Stara ,1,Lubań,(22) 460 59 93,(75) 722-91-01,us.luban@mf.gov.pl,211,www.dolnoslaskie.kas.gov.pl/urzad-skarbowy-w-lubaniu
11,dolnośląskie,US,Urząd Skarbowy w Lubinie ,59-300,Lubin,Marii Skłodowskiej-Curie,94,Lubin,(22) 460 59 93,(76) 847-84-70,us.lubin@mf.gov.pl,212,www.dolnoslaskie.kas.gov.pl/urzad-skarbowy-w-lubinie
12,dolnośląskie,US,Urząd Skarbowy w Lwówku Śląskim,59-600,Lwówek Śląski,Budowlanych ,1,Lwówek Śląski,(22) 460 59 93,(75) 782-02-99,us.lwowek_slaski@mf.gov.pl,213,www.dolnoslaskie.kas.gov.pl/urzad-skarbowy-w-lwowku-slaskim
13,dolnośląskie,US,Urząd Skarbowy w Miliczu,56-300,Milicz,Składowa ,2,Milicz,(22) 460 59 93,(71) 380-51-10,us.milicz@mf.gov.pl,214,www.dolnoslaskie.kas.gov.pl/urzad-skarbowy-w-miliczu
14,dolnośląskie,US,Urząd Skarbowy w  Nowej Rudzie,57-400,Nowa Ruda,Kolejowa ,23,Nowa Ruda,(22) 460 59 93,(74) 872-25-06,us.nowa_ruda@mf.gov.pl,215,www.dolnoslaskie.kas.gov.pl/urzad-skarbowy-w-nowej-rudzie
15,dolnośląskie,US,Urząd Skarbowy w Oleśnicy,56-400,Oleśnica,Lwowska,34-38,Oleśnica,(22) 460 59 93,(71) 314-97-73,us.olesnica@mf.gov.pl,216,www.dolnoslaskie.kas.gov.pl/urzad-skarbowy-w-olesnicy
16,dolnośląskie,US,Urząd Skarbowy w Oławie ,55-200,Oława,Lwowska ,1,Oława,(22) 460 59 93,(71) 313-47-90,us.olawa@mf.gov.pl,217,www.dolnoslaskie.kas.gov.pl/urzad-skarbowy-w-olawie
17,dolnośląskie,US,Urząd Skarbowy w Strzelinie,57-100,Strzelin,Bolka I Świdnickiego ,14,Strzelin,(22) 460 59 93,(71) 392-72-88,us.strzelin@mf.gov.pl,218,www.dolnoslaskie.kas.gov.pl/urzad-skarbowy-w-strzelinie
18,dolnośląskie,US,Urząd Skarbowy w Środzie Śląskiej,55-300,Środa Śląska,Oławska  ,5A,Środa Śląska,(22) 460 59 93,(71) 757-25-04,us.sroda_slaska@mf.gov.pl,219,www.dolnoslaskie.kas.gov.pl/urzad-skarbowy-w-srodzie-slaskiej
19,dolnośląskie,US,Urząd Skarbowy w Świdnicy,58-100,Świdnica,Marii Skłodowskiej-Curie,1-3,Świdnica,(22) 460 59 93,(74) 856-14-90,us.swidnica@mf.gov.pl,220,www.dolnoslaskie.kas.gov.pl/urzad-skarbowy-w-swidnicy
20,dolnośląskie,US,Urząd Skarbowy w Trzebnicy,55-100,Trzebnica,Prusicka ,2,Trzebnica,(22) 460 59 93,(71) 387-10-35,us.trzebnica@mf.gov.pl,221,www.dolnoslaskie.kas.gov.pl/urzad-skarbowy-w-trzebnicy
21,dolnośląskie,US,Urząd Skarbowy w  Wałbrzychu,58-306,Wałbrzych,Uczniowska ,21,Wałbrzych,(22) 460 59 93,(74) 841-13-01,us.walbrzych@mf.gov.pl,222,www.dolnoslaskie.kas.gov.pl/urzad-skarbowy-w-walbrzychu
22,dolnośląskie,US,Urząd Skarbowy w Wołowie,56-100,Wołów,Tadeusza Kościuszki ,17,Wołów,(22) 460 59 93,(71) 757-25-99,us.wolow@mf.gov.pl,223,www.dolnoslaskie.kas.gov.pl/urzad-skarbowy-w-wolowie
23,dolnośląskie,US,Urząd Skarbowy Wrocław - Fabryczna,53-238,Wrocław ,Aleksandra Ostrowskiego,5,Wrocław ,(22) 460 59 93,(71) 797-56-03,us.wroclaw.fabryczna@mf.gov.pl,224,www.dolnoslaskie.kas.gov.pl/urzad-skarbowy-wroclaw-fabryczna
24,dolnośląskie,US,Urząd Skarbowy Wrocław - Krzyki,53-310,Wrocław,Sztabowa ,100,Wrocław,(22) 460 59 93,(71) 373-22-17,us.wroclaw.krzyki@mf.gov.pl ,225,www.dolnoslaskie.kas.gov.pl/urzad-skarbowy-wroclaw-krzyki
25,dolnośląskie,US,Urząd Skarbowy Wrocław - Psie Pole,50-231,Wrocław,Trzebnicka ,33,Wrocław,(22) 460 59 93,(71) 329-17-86,us.wroclaw.psie_pole@mf.gov.pl,226,www.dolnoslaskie.kas.gov.pl/urzad-skarbowy-wroclaw-psie-pole
26,dolnośląskie,US,Urząd Skarbowy Wrocław - Stare Miasto,53-654,Wrocław,Inowrocławska ,4,Wrocław,(22) 460 59 93,(71) 786-67-50,us.wroclaw.stare_miasto@mf.gov.pl,227,www.dolnoslaskie.kas.gov.pl/urzad-skarbowy-wroclaw-stare-miasto
27,dolnośląskie,US,Urząd Skarbowy Wrocław - Śródmieście,50-044,Wrocław,marsz. Józefa Piłsudskiego,27-29,Wrocław,(22) 460 59 93,(71) 344-55-56,us.wroclaw.srodmiescie@mf.gov.pl,228,www.dolnoslaskie.kas.gov.pl/urzad-skarbowy-wroclaw-srodmiescie
28,dolnośląskie,US,Pierwszy Urząd Skarbowy we Wrocławiu ,50-515,Wrocław,Ks. Czesława Klimasa ,34,Wrocław,(22) 460 59 93,(71) 795-05-02,1.us.wroclaw@mf.gov.pl,229,www.dolnoslaskie.kas.gov.pl/pierwszy-urzad-skarbowy-we-wroclawiu
29,dolnośląskie,US,Urząd Skarbowy w Ząbkowicach Śląskich,57-200,Ząbkowice Śląskie,Ludwika Waryńskiego ,2A,Ząbkowice Śląskie,(22) 460 59 93,(74) 815-52-94,us.zabkowice_slaskie@mf.gov.pl,230,www.dolnoslaskie.kas.gov.pl/urzad-skarbowy-w-zabkowicach-slaskich
30,dolnośląskie,US,Urząd Skarbowy w Zgorzelcu,59-900,Zgorzelec,Bohaterów II Armii Wojska Polskiego ,8B,Zgorzelec,(22) 460 59 93,(75) 649-48-90,us.zgorzelec@mf.gov.pl,231,www.dolnoslaskie.kas.gov.pl/urzad-skarbowy-w-zgorzelcu
31,dolnośląskie,US,Urząd Skarbowy w Złotoryi,59-500,Złotoryja,Rynek ,42,Złotoryja,(22) 460 59 93,(76) 878-32-28,us.zlotoryja@mf.gov.pl,232,www.dolnoslaskie.kas.gov.pl/urzad-skarbowy-w-zlotoryi
32,dolnośląskie,US,Urząd skarbowy w Górze,56-200,Góra,Poznańska ,4,Góra,(22) 460 59 93,(65) 544-18-76,us.gora@mf.gov.pl,233,www.dolnoslaskie.kas.gov.pl/urzad-skarbowy-w-gorze
33,dolnośląskie,US,Urząd Skarbowy w Polkowicach,59-100,Polkowice,Zachodnia ,10,Polkowice,(22) 460 59 93,(76) 746-13-05,us.polkowice@mf.gov.pl,234,www.dolnoslaskie.kas.gov.pl/urzad-skarbowy-w-polkowicach
44,kujawsko-pomorskie,US,Urząd Skarbowy w Aleksandrowie Kujawskim ,87-700,Aleksandrów Kujawski ,Kościelna ,18,Aleksandrów Kujawski ,(54) 252 33 00,(54) 252-33-21,us.aleksandrow-kujawski@mf.gov.pl,402,www.kujawsko-pomorskie.kas.gov.pl/urzad-skarbowy-w-aleksandrowie-kujawskim
45,kujawsko-pomorskie,US,Urząd Skarbowy w Brodnicy,87-300,Brodnica,Gen. Władysława Sikorskiego ,19,Brodnica,(56) 495 47 11,(56) 495-47-29,us.brodnica@mf.gov.pl,403,www.kujawsko-pomorskie.kas.gov.pl/urzad-skarbowy-w-brodnicy
46,kujawsko-pomorskie,US,Pierwszy Urząd Skarbowy w Bydgoszczy,85-950,Bydgoszcz,Fordońska ,77,Bydgoszcz,(52) 561 70 00,(52) 561-78-64 ,1us.bydgoszcz@mf.gov.pl,404,www.kujawsko-pomorskie.kas.gov.pl/pierwszy-urzad-skarbowy-w-bydgoszczy
47,kujawsko-pomorskie,US,Drugi Urząd Skarbowy w Bydgoszczy,85-822,Bydgoszcz,Wojska Polskiego ,20B,Bydgoszcz,(52) 568 21 00,(52) 372-79-52 ,2us.bydgoszcz@mf.gov.pl,405,www.kujawsko-pomorskie.kas.gov.pl/drugi-urzad-skarbowy-w-bydgoszczy
48,kujawsko-pomorskie,US,Trzeci Urząd Skarbowy w Bydgoszczy,85-032,Bydgoszcz,Tadeusza Rejtana ,5,Bydgoszcz,(52) 339 74 00,(52) 339-75-00,3us.bydgoszcz@mf.gov.pl,406,www.kujawsko-pomorskie.kas.gov.pl/trzeci-urzad-skarbowy-w-bydgoszczy
49,kujawsko-pomorskie,US,Urząd Skarbowy w Chełmnie,86-200,Chełmno,Grudziądzka ,6,Chełmno,(56) 677 05 11,(56) 677-05-10,us.chelmno@mf.gov.pl,407,www.kujawsko-pomorskie.kas.gov.pl/urzad-skarbowy-w-chelmnie
50,kujawsko-pomorskie,US,Urząd Skarbowy w Grudziądzu,86-300,Grudziądz,Droga Łąkowa ,23,Grudziądz,(56) 643 33 30,(56) 643-33-35,us.grudziadz@mf.gov.pl,408,www.kujawsko-pomorskie.kas.gov.pl/urzad-skarbowy-w-grudziadzu
51,kujawsko-pomorskie,US,Urząd Skarbowy w Inowrocławiu,88-100,Inowrocław,al. Niepodległości ,5,Inowrocław,(52) 587 60 00,(52) 587-60-01,us.inowroclaw@mf.gov.pl,409,www.kujawsko-pomorskie.kas.gov.pl/urzad-skarbowy-w-inowroclawiu
52,kujawsko-pomorskie,US,Urząd Skarbowy w Lipnie,87-600,Lipno,Stanisława Staszica ,4,Lipno,(54) 414 83 00,(54) 414-83-39,us.lipno@mf.gov.pl,410,www.kujawsko-pomorskie.kas.gov.pl/urzad-skarbowy-w-lipnie
53,kujawsko-pomorskie,US,Urząd Skarbowy w Mogilnie,88-300,Mogilno,900-lecia ,20,Mogilno,"(52) 568 27 27, (52) 568 27 20",(52) 568-27-99,us.mogilno@mf.gov.pl,411,www.kujawsko-pomorskie.kas.gov.pl/urzad-skarbowy-w-mogilnie
54,kujawsko-pomorskie,US,Urząd Skarbowy w Nakle nad Notecią,89-100,Nakło nad Notecią,Sądowa ,8,Nakło nad Notecią,(52) 386 92 22; (52) 386 92 10; (52) 386 92 11 Nacz.,(52) 386-92-88,us.naklo@mf.gov.pl,412,www.kujawsko-pomorskie.kas.gov.pl/urzad-skarbowy-w-nakle-nad-notecia
55,kujawsko-pomorskie,US,Urząd Skarbowy w Radziejowie,88-200,Radziejów,Rolnicza ,6,Radziejów,(54) 414 84  00,(54) 414 84 61,us.radziejow@mf.gov.pl,413,www.kujawsko-pomorskie.kas.gov.pl/urzad-skarbowy-w-radziejowie
56,kujawsko-pomorskie,US,Urząd Skarbowy w Rypinie,87-500,Rypin,Dojazdowa ,10,Rypin,(54) 280 92 00; (54) 280 92 10,(54) 280-26-38,us.rypin@mf.gov.pl,414,www.kujawsko-pomorskie.kas.gov.pl/urzad-skarbowy-w-rypinie
57,kujawsko-pomorskie,US,Urząd Skarbowy w Świeciu ,86-100,Świecie,10 lutego,16,Świecie,(52) 552 21 00,(52) 552 21 18,us.swiecie@mf.gov.pl,415,www.kujawsko-pomorskie.kas.gov.pl/urzad-skarbowy-w-swieciu
58,kujawsko-pomorskie,US,Pierwszy Urząd Skarbowy w Toruniu,87-100,Toruń,Szosa Chełmińska ,34/36,Toruń,(056) 610 91 00,(56) 610-91-11,1us.torun@mf.gov.pl,416,www.kujawsko-pomorskie.kas.gov.pl/pierwszy-urzad-skarbowy-w-toruniu
59,kujawsko-pomorskie,US,Drugi Urząd Skarbowy w Toruniu,87-100,Toruń,Mazowiecka ,63,Toruń,(56) 664 77 00; Nacz: (56) 664 77 77 ,(56) 664-78-20,2us.torun@mf.gov.pl,417,www.kujawsko-pomorskie.kas.gov.pl/drugi-urzad-skarbowy-w-toruniu
60,kujawsko-pomorskie,US,Urząd Skarbowy w Tucholi,89-500,Tuchola,Pl. Zamkowy,4,Tuchola,(52) 336 33 00,(52) 336-33-27,us.tuchola@mf.gov.pl,418,www.kujawsko-pomorskie.kas.gov.pl/urzad-skarbowy-w-tucholi
61,kujawsko-pomorskie,US,Urząd Skarbowy w Wąbrzeźnie,87-200,Wąbrzeźno,Macieja Rataja ,2,Wąbrzeźno,(56) 689 05 00; (56) 689 05 01,(56) 689 05 26,us.wabrzezno@mf.gov.pl,419,www.kujawsko-pomorskie.kas.gov.pl/urzad-skarbowy-w-wabrzeznie
62,kujawsko-pomorskie,US,Urząd Skarbowy we Włocławku,87-800,Włocławek,Stefana Okrzei ,72B,Włocławek,(54) 423 21 00,(54) 423-21-50,us.wloclawek@mf.gov.pl,420,www.kujawsko-pomorskie.kas.gov.pl/urzad-skarbowy-we-wloclawku
63,kujawsko-pomorskie,US,Urząd Skarbowy w Żninie,88-400 ,Żnin,Klemensa Janickiego ,18,Żnin,(52) 303 04 00,(52) 303-13-45,us.znin@mf.gov.pl,421,www.kujawsko-pomorskie.kas.gov.pl/urzad-skarbowy-w-zninie
64,kujawsko-pomorskie,US,Urząd Skarbowy w Golubiu-Dobrzyniu,87-400,Golub-Dobrzyń,Dr. Jerzego Gerarda Koppa ,1A,Golub-Dobrzyń,(56) 491 80 20,(56) 491-80-49,us.golub-dobrzyn@mf.gov.pl,422,www.kujawsko-pomorskie.kas.gov.pl/urzad-skarbowy-w-golubiu-dobrzyniu
65,kujawsko-pomorskie,US,Urząd Skarbowy w Sępólnie Krajeńskim,89-400,Sępólno Krajeńskie,Tadeusza Kościuszki ,22,Sępólno Krajeńskie,(52) 388 83 10,(52) 388-83-23,us.sepolno-krajenskie@mf.gov.pl,423,www.kujawsko-pomorskie.kas.gov.pl/urzad-skarbowy-w-sepolnie-krajenskim
75,lubelskie,US,Urząd Skarbowy w Białej Podlaskiej,21-500,Biała Podlaska,Prosta ,19,Biała Podlaska,(83) 344-95-17,(83) 344-95-91,sekretariat.us.biala-podlaska@mf.gov.pl,602,www.lubelskie.kas.gov.pl/urzad-skarbowy-w-bialej-podlaskiej
76,lubelskie,US,Urząd Skarbowy w Biłgoraju,23-400,Biłgoraj,Tadeusza Kościuszki ,78,Biłgoraj,(84) 686-87-00,(84) 686-87-01,sekretariat.us.bilgoraj@mf.gov.pl,603,www.lubelskie.kas.gov.pl/urzad-skarbowy-w-bilgoraju
77,lubelskie,US,Urząd Skarbowy w Chełmie,22-100,Chełm,Obłońska ,20A,Chełm,(82) 565-02-01 do 08,(82) 564-33-31,sekretariat.us.chelm@mf.gov.pl,604,www.lubelskie.kas.gov.pl/urzad-skarbowy-w-chelmie
78,lubelskie,US,Urząd Skarbowy w Hrubieszowie,22-500,Hrubieszów,27 Wołyńskiej Dywizji Piechoty AK ,11,Hrubieszów,(84) 696-63-88 ,(84) 696-63-65,sekretariat.us.hrubieszow@mf.gov.pl,605,www.lubelskie.kas.gov.pl/urzad-skarbowy-w-hrubieszowie
79,lubelskie,US,Urząd Skarbowy w Janowie Lubelskim,23-300,Janów Lubelski,Wojska Polskiego ,32,Janów Lubelski,(15) 872 53 00,(15) 872-24-66,sekretariat.us.janow-lubelski@mf.gov.pl,606,www.lubelskie.kas.gov.pl/urzad-skarbowy-w-janowie-lubelskim
80,lubelskie,US,Urząd Skarbowy w Krasnymstawie,22-300,Krasnystaw,Rzeczna ,5,Krasnystaw,(82) 576 25 94; (82) 575 68 94,(82) 576-50-41,sekretariat.us.krasnystaw@mf.gov.pl,607,www.lubelskie.kas.gov.pl/urzad-skarbowy-w-krasnymstawie
81,lubelskie,US,Urząd Skarbowy w Kraśniku,23-200,Kraśnik,Tadeusza Kościuszki ,5,Kraśnik,(81) 528 69 00,(81) 528-69-28,sekretariat.us.krasnik@mf.gov.pl,608,www.lubelskie.kas.gov.pl/urzad-skarbowy-w-krasniku
82,lubelskie,US,Urząd Skarbowy w Lubartowie,21-100,Lubartów,Legionów ,55,Lubartów,(81) 852 62 00,(81) 852-62-83,sekretariat.us.lubartow@mf.gov.pl,609,www.lubelskie.kas.gov.pl/urzad-skarbowy-w-lubartowie
83,lubelskie,US,Pierwszy Urząd Skarbowy w Lublinie,20-027,Lublin,Sądowa ,5,Lublin,(81) 464 23 10 do 11,(81) 464-23-12,sekretariat.1us.lublin@mf.gov.pl,610,www.lubelskie.kas.gov.pl/pierwszy-urzad-skarbowy-w-lublinie
84,lubelskie,US,Drugi Urząd Skarbowy w Lublinie,20-883,Lublin,Tadeusza Szeligowskiego ,24,Lublin,(81) 452 24 00,(81) 452-24-04,sekretariat.2us.lublin@mf.gov.pl,611,www.lubelskie.kas.gov.pl/drugi-urzad-skarbowy-w-lublinie
85,lubelskie,US,Trzeci Urząd Skarbowy w Lublinie,20-016,Lublin,Prezydenta Gabriela Narutowicza ,56,Lublin,(81) 535 04 77,(81) 535 04 53,sekretariat.3us.lublin@mf.gov.pl,612,www.lubelskie.kas.gov.pl/trzeci-urzad-skarbowy-w-lublinie
86,lubelskie,US,Urząd Skarbowy w Łukowie,21-400,Łuków,Międzyrzecka ,72A,Łuków,(25) 640 05 26,(25) 640 05 44,sekretariat.us.lukow@mf.gov.pl,613,www.lubelskie.kas.gov.pl/urzad-skarbowy-w-lukowie
87,lubelskie,US,Urząd Skarbowy w Opolu Lubelskim,24-300,Opole Lubelskie,Józefa Piłsudskiego ,12,Opole Lubelskie,(81) 827 21 41,(81) 827-20-86,sekretariat.us.opole-lubelskie@mf.gov.pl,614,www.lubelskie.kas.gov.pl/urzad-skarbowy-w-opolu-lubelskim
88,lubelskie,US,Urząd Skarbowy w Parczewie,21-200,Parczew,Żabia ,2a,Parczew,(83) 342 72 08,(83) 354-39-30,sekretariat.us.parczew@mf.gov.pl,615,www.lubelskie.kas.gov.pl/urzad-skarbowy-w-parczewie
89,lubelskie,US,Urząd Skarbowy w Radzyniu Podlaskim,21-300,Radzyń Podlaski,Lubelska,1/2,Radzyń Podlaski,(83) 352 11 09,(83) 352-11-09 w. 400,sekretariat.us.radzyn-podlaski@mf.gov.pl,617,www.lubelskie.kas.gov.pl/urzad-skarbowy-w-radzyniu-podlaskim
90,lubelskie,US,Urząd Skarbowy w Tomaszowie Lubelskim,22-600,Tomaszów Lubelski,Rolnicza ,17,Tomaszów Lubelski,(84) 666 01 16,(84) 666-01-11,sekretariat.us.tomaszow-lubelski@mf.gov.pl,618,www.lubelskie.kas.gov.pl/urzad-skarbowy-w-tomaszowie-lubelskim
91,lubelskie,US,Urząd Skarbowy we Włodawie,22-200,Włodawa,Rynek ,9,Włodawa,(82) 572 44 00,(82) 572-39-00,sekretariat.us.wlodawa@mf.gov.pl,619,www.lubelskie.kas.gov.pl/urzad-skarbowy-we-wlodawie
92,lubelskie,US,Urząd Skarbowy w Zamościu,22-400,Zamość,Jana Kilińskiego ,82,Zamość,(84) 677 63 00,(84) 638-32-23,sekretariat.us.zamosc@mf.gov.pl,620,www.lubelskie.kas.gov.pl/urzad-skarbowy-w-zamosciu
93,lubelskie,US,Urząd Skarbowy w Łęcznej,21-010,Łęczna,Aleja Jana Pawła II,95,Łęczna,(81) 524 69 50,(81) 752-36-26,sekretariat.us.leczna@mf.gov.pl,621,www.lubelskie.kas.gov.pl/urzad-skarbowy-w-lecznej
94,lubelskie,US,Urząd Skarbowy w Rykach,08-500,Ryki,Leona Wyczółkowskiego ,10A,Ryki,(81) 865 63 82 do 84,(81) 865-44-30,sekretariat.us.ryki@mf.gov.pl,622,www.lubelskie.kas.gov.pl/urzad-skarbowy-w-rykach
117,lubuskie,US,Urząd Skarbowy w Gorzowie Wielkopolskim,66-400,Gorzów Wielkopolski,Kazimierza Jagiellończyka,10,Gorzów Wielkopolski,(95) 711-57-42,(95)711-59-05,us.gorzowwielkopolski@mf.gov.pl,802,www.lubuskie.kas.gov.pl/urzad-skarbowy-w-gorzowie-wielkopolskim
118,lubuskie,US,Urząd Skarbowy w Krośnie Odrzańskim,66-600,Krosno Odrzańskie,Słubicka,3,Krosno Odrzańskie,(68) 383-53-17,(68) 383-57-28,us.krosnoodrzanskie@mf.gov.pl,803,www.lubuskie.kas.gov.pl/urzad-skarbowy-w-krosnie-odrzanskim
119,lubuskie,US,Urząd Skarbowy w Międzyrzeczu,66-300,Międzyrzecz,Rynek ,3,Międzyrzecz,(95) 742-35-00,(95) 742-35-01,us.miedzyrzecz@mf.gov.pl,804,www.lubuskie.kas.gov.pl/urzad-skarbowy-w-miedzyrzeczu
120,lubuskie,US,Urząd Skarbowy w Nowej Soli,67-100,Nowa Sól,Staszica,1,Nowa Sól,(68) 456-03-02,(68) 456-03-01,us.nowasol@mf.gov.pl,805,www.lubuskie.kas.gov.pl/urzad-skarbowy-w-nowej-soli
121,lubuskie,US,Urząd Skarbowy w Słubicach,69-100,Słubice,Wojska Polskiego ,155,Słubice,(95) 750-15-11,(95) 758-26-62,us.slubice@mf.gov.pl,806,www.lubuskie.kas.gov.pl/urzad-skarbowy-w-slubicach
122,lubuskie,US,Urząd Skarbowy w Świebodzinie,66-200,Świebodzin,Sobieskiego,6,Świebodzin,(68) 456-06-10,(68) 456-06-01,us.swiebodzin@mf.gov.pl,807,www.lubuskie.kas.gov.pl/urzad-skarbowy-w-swiebodzinie
123,lubuskie,US,Pierwszy Urząd Skarbowy w Zielonej Górze,65-054,Zielona Góra,Dr. Pieniężnego ,24,Zielona Góra,(68) 456-01-00,(68) 456-01-01,1us.zielonagora@mf.gov.pl,808,www.lubuskie.kas.gov.pl/pierwszy-urzad-skarbowy-w-zielonej-gorze
124,lubuskie,US,Drugi Urząd Skarbowy w Zielonej Górze,65-054,Zielona Góra,Dr. Pieniężnego ,24,Zielona Góra,(68) 456-02-00,(68) 456-02-01,2us.zielonagora@mf.gov.pl,809,www.lubuskie.kas.gov.pl/drugi-urzad-skarbowy-w-zielonej-gorze
125,lubuskie,US,Urząd Skarbowy w Żaganiu,68-100,Żagań,Skarbowa,26,Żagań,(68) 456-04-02,(68) 456-04-01,us.zagan@mf.gov.pl,810,www.lubuskie.kas.gov.pl/urzad-skarbowy-w-zaganiu
126,lubuskie,US,Urząd Skarbowy w Żarach,68-200,Żary,Osadników Wojskowych ,3-4,Żary,(68) 456-05-00,(68) 456-05-01,us.zary@mf.gov.pl,811,www.lubuskie.kas.gov.pl/urzad-skarbowy-w-zarach
127,lubuskie,US,Urząd Skarbowy w Drezdenku,66-530,Drezdenko,Pierwszej Brygady ,21,Drezdenko,(95) 763-73-00,(95) 763-73-02,us.drezdenko@mf.gov.pl,812,www.lubuskie.kas.gov.pl/urzad-skarbowy-w-drezdenku
128,lubuskie,US,Urząd Skarbowy w Sulęcinie,69-200,Sulęcin,Daszyńskiego ,47,Sulęcin,(95) 756-00-11,(95) 755-22-24,us.sulecin@mf.gov.pl,813,www.lubuskie.kas.gov.pl/urzad-skarbowy-w-sulecinie
129,lubuskie,US,Urząd Skarbowy we Wschowie,67-400,Wschowa,Zielony Rynek ,7,Wschowa,(65) 540-80-60,(65) 540-80-61,us.wschowa@mf.gov.pl,814,www.lubuskie.kas.gov.pl/urzad-skarbowy-we-wschowie
137,łódzkie,US,Urząd Skarbowy w Bełchatowie,97-400,Bełchatów,Józefa Piłsudskiego ,18,Bełchatów,22 460 59 94,(44) 632-30-63,us.belchatow@mf.gov.pl,1002,www.lodzkie.kas.gov.pl/urzad-skarbowy-w-belchatowie
138,łódzkie,US,Urząd Skarbowy w Brzezinach,95-060,Brzeziny,Henryka Sienkiewicza ,16,Brzeziny,22 460 59 94,(46) 874-21-77,us.brzeziny@mf.gov.pl,1003,www.lodzkie.kas.gov.pl/urzad-skarbowy-w-brzezinach
139,łódzkie,US,Urząd Skarbowy w Głownie,95-015,Głowno,Ludwika Norblina ,2,Głowno,22 460 59 94,-,us.glowno@mf.gov.pl,1004,www.lodzkie.kas.gov.pl/urzad-skarbowy-w-glownie
140,łódzkie,US,Urząd Skarbowy w Kutnie,99-300,Kutno,Dr. Antoniego Troczewskiego ,12,Kutno,22 460 59 94,(24) 355-65-65,us.kutno@mf.gov.pl,1005,www.lodzkie.kas.gov.pl/urzad-skarbowy-w-kutnie
141,łódzkie,US,Urząd Skarbowy w Łasku,98-100,Łask,9 Maja ,31,Łask,22 460 59 94,-,us.lask@mf.gov.pl,1006,www.lodzkie.kas.gov.pl/urzad-skarbowy-w-lasku
142,łódzkie,US,Urząd Skarbowy w Łowiczu,99-400,Łowicz,Józefa Chełmońskiego ,2,Łowicz,22 460 59 94,-,us.lowicz@mf.gov.pl,1007,www.lodzkie.kas.gov.pl/urzad-skarbowy-w-lowiczu
143,łódzkie,US,Pierwszy Urząd Skarbowy Łódź - Bałuty,91-066,Łódź,Zachodnia ,47,Łódź,22 460 59 94,(42) 253-57-22,1us.lodz.baluty@mf.gov.pl,1008,www.lodzkie.kas.gov.pl/pierwszy-urzad-skarbowy-lodz-baluty
144,łódzkie,US,Drugi Urząd Skarbowy Łódź - Bałuty,91-222,Łódź,Św. Teresy od Dzieciątka Jezus ,105,Łódź,22 460 59 94,(42) 253-42-50,2us.lodz.baluty@mf.gov.pl,1009,www.lodzkie.kas.gov.pl/drugi-urzad-skarbowy-lodz-baluty
145,łódzkie,US,Pierwszy Urząd Skarbowy Łódź - Górna,93-578,Łódź,Walerego Wróblewskiego ,10,Łódź,22 460 59 94,-,1us.lodz.gorna@mf.gov.pl,1010,www.lodzkie.kas.gov.pl/pierwszy-urzad-skarbowy-lodz-gorna
146,łódzkie,US,Drugi Urząd Skarbowy Łódź - Górna,93-578,Łódź,Walerego Wróblewskiego,10A,Łódź,22 460 59 94,(42) 258-82-83,2us.lodz.gorna@mf.gov.pl,1011,www.lodzkie.kas.gov.pl/drugi-urzad-skarbowy-lodz-gorna
147,łódzkie,US,Urząd Skarbowy Łódź - Polesie,90-646 ,Łódź,6 Sierpnia ,86A,Łódź,22 460 59 94,(42) 254-62-51,us.lodz.polesie@mf.gov.pl,1012,www.lodzkie.kas.gov.pl/urzad-skarbowy-lodz-polesie
148,łódzkie,US,Urząd Skarbowy Łódź - Śródmieście,90-019,Łódź,Dowborczyków ,9/11,Łódź,22 460 59 94,(42) 253-07-01,us.lodz.srodmiescie@mf.gov.pl,1013,www.lodzkie.kas.gov.pl/urzad-skarbowy-lodz-srodmiescie
149,łódzkie,US,Urząd Skarbowy Łódź - Widzew,92-312,Łódź,Papiernicza,7,Łódź,22 460 59 94,(42) 275-09-08,us.lodz.widzew@mf.gov.pl,1014,www.lodzkie.kas.gov.pl/urzad-skarbowy-lodz-widzew
150,łódzkie,US,Urząd Skarbowy w Opocznie,26-300,Opoczno,Piotrkowska ,14,Opoczno,22 460 59 94,-,us.opoczno@mf.gov.pl,1015,www.lodzkie.kas.gov.pl/urzad-skarbowy-w-opocznie
151,łódzkie,US,Urząd Skarbowy w Pabianicach,95-200,Pabianice,Zamkowa ,26,Pabianice,22 460 59 94,(42) 27-04-103,us.pabianice@mf.gov.pl,1016,www.lodzkie.kas.gov.pl/urzad-skarbowy-w-pabianicach
152,łódzkie,US,Urząd Skarbowy w Piotrkowie Trybunalskim,97-300,Piotrków Trybunalski,Wronia ,65,Piotrków Trybunalski,22 460 59 94,(44) 649-90-36,us.piotrkow-trybunalski@mf.gov.pl,1017,www.lodzkie.kas.gov.pl/urzad-skarbowy-w-piotrkowie-trybunalskim
153,łódzkie,US,Urząd Skarbowy w Poddębicach,99-200,Poddębice,Narutowicza ,12,Poddębice,22 460 59 94,(43) 678-77-01,us.poddebice@mf.gov.pl,1018,www.lodzkie.kas.gov.pl/urzad-skarbowy-w-poddebicach
154,łódzkie,US,Urząd Skarbowy w Radomsku,97-500,Radomsko,Mickiewicza ,4,Radomsko,22 460 59 94,(44) 685-49-74,us.radomsko@mf.gov.pl,1019,www.lodzkie.kas.gov.pl/urzad-skarbowy-w-radomsku
155,łódzkie,US,Urząd Skarbowy w Rawie Mazowieckiej,96-200,Rawa Mazowiecka,Juliusza Słowackiego ,4,Rawa Mazowiecka,22 460 59 94,-,us.rawa-mazowiecka@mf.gov.pl,1020,www.lodzkie.kas.gov.pl/urzad-skarbowy-w-rawie-mazowieckiej
156,łódzkie,US,Urząd Skarbowy w Sieradzu,98-200,Sieradz,Spółdzielcza ,3,Sieradz,22 460 59 94,-,us.sieradz@mf.gov.pl,1021,www.lodzkie.kas.gov.pl/urzad-skarbowy-w-sieradzu
157,łódzkie,US,Urząd Skarbowy w Skierniewicach,96-100,Skierniewice,Czerwona ,22,Skierniewice,22 460 59 94,(46) 834-63-94,us.skierniewice@mf.gov.pl,1022,www.lodzkie.kas.gov.pl/urzad-skarbowy-w-skierniewicach
158,łódzkie,US,Urząd Skarbowy w Tomaszowie Mazowieckim,97-200,Tomaszów Mazowiecki,Mireckiego ,37,Tomaszów Mazowiecki,22 460 59 94,(44) 724-23-26,us.tomaszow-mazowiecki@mf.gov.pl,1023,www.lodzkie.kas.gov.pl/urzad-skarbowy-w-tomaszowie-mazowieckim
159,łódzkie,US,Urząd Skarbowy w Wieluniu,98-300 ,Wieluń,Krakowskie Przedmieście ,34,Wieluń,22 460 59 94,-,us.wielun@mf.gov.pl,1024,www.lodzkie.kas.gov.pl/urzad-skarbowy-w-wieluniu
160,łódzkie,US,Urząd Skarbowy w Zduńskiej Woli,98-220,Zduńska Wola,Zielona ,15,Zduńska Wola,22 460 59 94,(43) 824-19-40,us.zdunska-wola@mf.gov.pl,1025,www.lodzkie.kas.gov.pl/urzad-skarbowy-w-zdunskiej-woli
161,łódzkie,US,Urząd Skarbowy w Zgierzu,95-100 ,Zgierz,ks. Jerzego Popiełuszki ,8,Zgierz,22 460 59 94,(42) 270-10-01,us.zgierz@mf.gov.pl,1026,www.lodzkie.kas.gov.pl/urzad-skarbowy-w-zgierzu
162,łódzkie,US,Urząd Skarbowy w Wieruszowie,98-400,Wieruszów,Rynek ,12/13,Wieruszów,22 460 59 94,(62) 78-31-978,us.wieruszow@mf.gov.pl,1027,www.lodzkie.kas.gov.pl/urzad-skarbowy-w-wieruszowie
163,łódzkie,US,Urząd Skarbowy w Łęczycy,99-100,Łęczyca,al. Jana Pawła II ,17,Łęczyca,(24) 721-70-12,(24) 721-23-12,us.leczyca@mf.gov.pl,1028,www.lodzkie.kas.gov.pl/urzad-skarbowy-w-leczycy
164,łódzkie,US,Urząd Skarbowy w Pajęcznie,98-330,Pajęczno,1 Maja ,9,Pajęczno,22 460 59 94,(34) 311-33-55,us.pajeczno@mf.gov.pl,1029,www.lodzkie.kas.gov.pl/urzad-skarbowy-w-pajecznie
174,małopolskie,US,Urząd Skarbowy w Bochni,32-700,Bochnia,Gołębia ,3,Bochnia,(22) 460-59-92,(14) 615-26-53 ,us.bochnia@mf.gov.pl,1202,www.malopolskie.kas.gov.pl/urzad-skarbowy-w-bochni
175,małopolskie,US,Urząd Skarbowy w Brzesku,32-800,Brzesko,Królowej Jadwigi ,16,Brzesko,(22) 460-59-92,(14) 663-08-42,us.brzesko@mf.gov.pl,1203,www.malopolskie.kas.gov.pl/urzad-skarbowy-w-brzesku
176,małopolskie,US,Urząd Skarbowy w Chrzanowie,32-500,Chrzanów,Garncarska ,9,Chrzanów,(22) 460-59-92,(32) 627-62-62,us.chrzanow@mf.gov.pl,1204,www.malopolskie.kas.gov.pl/urzad-skarbowy-w-chrzanowie
177,małopolskie,US,Urząd Skarbowy w Dąbrowie Tarnowskiej,33-200,Dąbrowa Tarnowska,Berka Joselewicza ,5,Dąbrowa Tarnowska,(22) 460-59-92,(14) 642-55-31,us.dabrowa-tarnowska@mf.gov.pl,1205,www.malopolskie.kas.gov.pl/urzad-skarbowy-w-dabrowie-tarnowskiej
178,małopolskie,US,Urząd Skarbowy w Gorlicach,38-300,Gorlice,Bardiowska ,9,Gorlice,(22) 460-59-92,(18) 545-02-05,us.gorlice@mf.gov.pl,1206,www.malopolskie.kas.gov.pl/urzad-skarbowy-w-gorlicach
179,małopolskie,US,Pierwszy Urząd Skarbowy Kraków,30-363,Kraków,Rzemieślnicza ,20,Kraków,(22) 460-59-92,(12) 384-63-00 ,1us.krakow@mf.gov.pl,1207,www.malopolskie.kas.gov.pl/pierwszy-urzad-skarbowy-krakow
180,małopolskie,US,Urząd Skarbowy Kraków - Krowodrza,30-016,Kraków,Władysława Łokietka,20,Kraków,(22) 460-59-92,(12) 665-61-36,us.krakow.krowodrza@mf.gov.pl,1208,www.malopolskie.kas.gov.pl/urzad-skarbowy-krakow-krowodrza
181,małopolskie,US,Urząd Skarbowy Kraków - Nowa Huta,31-621,Kraków,os. Bohaterów Września ,80,Kraków,(22) 460-59-92,(12) 647-92-22 ,us.krakow.nowa-huta@mf.gov.pl,1209,www.malopolskie.kas.gov.pl/urzad-skarbowy-krakow-nowa-huta
182,małopolskie,US,Urząd Skarbowy Kraków - Podgórze,30-415,Kraków,Wadowicka ,10,Kraków,(22) 460-59-92,(12) 267-40-91,us.krakow.podgorze@mf.gov.pl,1210,www.malopolskie.kas.gov.pl/urzad-skarbowy-krakow-podgorze
183,małopolskie,US,Urząd Skarbowy Kraków - Prądnik,31-272,Kraków,Krowoderskich Zuchów ,2,Kraków,(22) 460-59-92,(12) 665-67-51,us.krakow.pradnik@mf.gov.pl,1211,www.malopolskie.kas.gov.pl/urzad-skarbowy-krakow-pradnik
184,małopolskie,US,Urząd Skarbowy Kraków - Stare Miasto,31-001,Kraków,Grodzka ,65,Kraków,(22) 460-59-92,(12) 293-82-66,us.krakow.stare-miasto@mf.gov.pl,1212,www.malopolskie.kas.gov.pl/urzad-skarbowy-krakow-stare-miasto
185,małopolskie,US,Urząd Skarbowy Kraków - Śródmieście,31-272,Kraków,Krowoderskich Zuchów ,2,Kraków,(22) 460-59-92,(12) 634-34-24,us.krakow.srodmiescie@mf.gov.pl,1213,www.malopolskie.kas.gov.pl/urzad-skarbowy-krakow-srodmiescie
186,małopolskie,US,Urząd Skarbowy w Limanowej,34-600,Limanowa,Matki Boskiej Bolesnej ,9,Limanowa,(22) 460-59-92,(18) 337-93-08,us.limanowa@mf.gov.pl,1214,www.malopolskie.kas.gov.pl/urzad-skarbowy-w-limanowej
187,małopolskie,US,Urząd Skarbowy w Miechowie,32-200,Miechów,Stanisławy Daneckiej ,1,Miechów,(22) 460-59-92,(41) 382-23-41,us.miechów@mf.gov.pl,1215,www.malopolskie.kas.gov.pl/urzad-skarbowy-w-miechowie
188,małopolskie,US,Urząd Skarbowy w Myślenicach,32-400,Myślenice,Hipolita Cegielskiego ,2,Myślenice,(22) 460-59-92,(12) 272-41-00; (12) 272-41-11,us.myslenice@mf.gov.pl,1216,www.malopolskie.kas.gov.pl/urzad-skarbowy-w-myslenicach
189,małopolskie,US,Urząd Skarbowy w Nowym Sączu,33-300 ,Nowy Sącz,Władysława Barbackiego  ,10,Nowy Sącz,(22) 460-59-92,(18) 547-38-01,us.nowy-sacz@mf.gov.pl,1217,www.malopolskie.kas.gov.pl/urzad-skarbowy-w-nowym-saczu
190,małopolskie,US,Urząd Skarbowy w Nowym Targu,34-400,Nowy Targ,Parkowa ,13,Nowy Targ,(22) 460-59-92,(18) 266-29-33,us.nowy-targ@mf.gov.pl,1218,www.malopolskie.kas.gov.pl/urzad-skarbowy-w-nowym-targu
191,małopolskie,US,Urząd Skarbowy w Olkuszu,32-300,Olkusz,Budowlanych ,2,Olkusz,(22) 460-59-92,(32) 641-38-14,us.olkusz@mf.gov.pl,1219,www.malopolskie.kas.gov.pl/urzad-skarbowy-w-olkuszu
192,małopolskie,US,Urząd Skarbowy w Oświęcimiu,32-600,Oświęcim,Plebańska ,2,Oświęcim,(22) 460-59-92,(33) 846-64-41,us.oswiecim@mf.gov.pl,1220,www.malopolskie.kas.gov.pl/urzad-skarbowy-w-oswiecimiu
193,małopolskie,US,Urząd Skarbowy w Proszowicach,32-100,Proszowice,Mikołaja Reja ,1,Proszowice,(22) 460-59-92,-,us.proszowice@mf.gov.pl,1221,www.malopolskie.kas.gov.pl/urzad-skarbowy-w-proszowicach
194,małopolskie,US,Urząd Skarbowy w Suchej Beskidzkiej,34-200,Sucha Beskidzka,Adama Mickiewicza ,36,Sucha Beskidzka,(22) 460-59-92,(33) 874-35-29,us.sucha-beskidzka@mf.gov.pl,1222,www.malopolskie.kas.gov.pl/urzad-skarbowy-w-suchej-beskidzkiej
195,małopolskie,US,Pierwszy Urząd Skarbowy w Tarnowie,33-100,Tarnów,Lwowska ,72-96A,Tarnów,(22) 460-59-92,(14) 630-23-10,1us.tarnow@mf.gov.pl,1223,www.malopolskie.kas.gov.pl/pierwszy-urzad-skarbowy-w-tarnowie
196,małopolskie,US,Drugi Urząd Skarbowy w Tarnowie ,33-100,Tarnów,Al.Solidarności ,5-9B,Tarnów,(22) 460-59-92,(14) 632-82-22,2us.tarnow@mf.gov.pl,1224,www.malopolskie.kas.gov.pl/drugi-urzad-skarbowy-w-tarnowie
197,małopolskie,US,Urząd Skarbowy w Wadowicach,34-100,Wadowice,Legionów ,22,Wadowice,(22) 460-59-92,(33) 873-26-10,us.wadowice@mf.gov.pl,1225,www.malopolskie.kas.gov.pl/urzad-skarbowy-w-wadowicach
198,małopolskie,US,Urząd Skarbowy w Wieliczce,32-020,Wieliczka,Zamkowa ,2,Wieliczka,(22) 460-59-92,(12) 279-86-66,us.wieliczka@mf.gov.pl,1226,www.malopolskie.kas.gov.pl/urzad-skarbowy-w-wieliczce
199,małopolskie,US,Urząd Skarbowy w Zakopanem,34-500,Zakopane,Szymony ,14,Zakopane,(22) 460-59-92,(18) 202-15-83,us.zakopane@mf.gov.pl,1227,www.malopolskie.kas.gov.pl/urzad-skarbowy-w-zakopanem
200,małopolskie,US,Drugi Urząd Skarbowy Kraków,31-272,Kraków,Krowoderskich Zuchów ,2,Kraków,(22) 460-59-92,(12) 631-54-50,2us.krakow@mf.gov.pl,1228,www.malopolskie.kas.gov.pl/drugi-urzad-skarbowy-krakow
210,mazowieckie,US,Urząd Skarbowy w Białobrzegach,26-800,Białobrzegi,Władysława Stanisława Reymonta,46,Białobrzegi,(48) 613-29-92; (48) 613-24-01,(48) 613-28-92,us.bialobrzegi@mf.gov.pl,1402,www.mazowieckie.kas.gov.pl/urzad-skarbowy-w-bialobrzegach
211,mazowieckie,US,Urząd Skarbowy w Ciechanowie,06-400,Ciechanów,Warszawska ,58,Ciechanów,(23) 674-19-00,(23) 674-19-03,us.ciechanow@mf.gov.pl,1403,www.mazowieckie.kas.gov.pl/urzad-skarbowy-w-ciechanowie
212,mazowieckie,US,Urząd Skarbowy w Garwolinie,08-400,Garwolin,Senatorska ,30,Garwolin,"(25) 682-39-30, (25) 682-38-54, (25) 682-36-47",(25) 682-38-28,us.garwolin@mf.gov.pl,1404,www.mazowieckie.kas.gov.pl/urzad-skarbowy-w-garwolinie
213,mazowieckie,US,Urząd Skarbowy w Gostyninie,09-500,Gostynin,Płocka ,10,Gostynin,(24) 235-89-74,(24) 235-69-51,us.gostynin@mf.gov.pl,1405,www.mazowieckie.kas.gov.pl/urzad-skarbowy-w-gostyninie
214,mazowieckie,US,Urząd Skarbowy w Grodzisku Mazowieckim,05-825,Grodzisk Mazowiecki,Daleka,22,Grodzisk Mazowiecki,(22) 356-75-90,(22) 356-75-03,us.grodzisk-mazowiecki@mf.gov.pl,1406,www.mazowieckie.kas.gov.pl/urzad-skarbowy-w-grodzisku-mazowieckim
215,mazowieckie,US,Urząd Skarbowy w Grójcu,05-600,Grójec,Ks. Piotra Skargi ,35,Grójec,(48) 665-09-00; (48) 665-09-95 - informacja podatkowa,(48) 665-09-03,us.grojec@mf.gov.pl,1407,www.mazowieckie.kas.gov.pl/urzad-skarbowy-w-grojcu
216,mazowieckie,US,Urząd Skarbowy w Kozienicach,26-900,Kozienice,Parkowa ,5,Kozienice,"(48) 611-22-59,  (48) 614-28-87, (48) 614-28-88",(48) 614-28-33,us.kozienice@mf.gov.pl,1408,www.mazowieckie.kas.gov.pl/urzad-skarbowy-w-kozienicach
217,mazowieckie,US,Urząd Skarbowy w Legionowie,05-120,Legionowo,Marszałka Józefa Piłsudskiego,43C,Legionowo,(22) 768-66-00,-,us.legionowo@mf.gov.pl,1409,www.mazowieckie.kas.gov.pl/urzad-skarbowy-w-legionowie
218,mazowieckie,US,Urząd Skarbowy w Łosicach,08-200,Łosice,11 Listopada ,1,Łosice,(83) 359-00-32,(83) 357-34-41,us.losice@mf.gov.pl,1410,www.mazowieckie.kas.gov.pl/urzad-skarbowy-w-losicach
219,mazowieckie,US,Urząd Skarbowy w Makowie Mazowieckim,06-200,Maków Mazowiecki,Kopernika ,6C,Maków Mazowiecki,(29) 765-07-00,-,us.makow-mazowiecki@mf.gov.pl,1411,www.mazowieckie.kas.gov.pl/urzad-skarbowy-w-makowie-mazowieckim
220,mazowieckie,US,Urząd Skarbowy w Mińsku Mazowieckim,05-300,Mińsk Mazowiecki,Szczecińska ,2,Mińsk Mazowiecki,(25) 759-51-00,(25) 75-83-071,us.minsk-mazowiecki@mf.gov.pl,1412,www.mazowieckie.kas.gov.pl/urzad-skarbowy-w-minsku-mazowieckim
221,mazowieckie,US,Urząd Skarbowy w Mławie,06-500,Mława,Gabriela Narutowicza ,19/7,Mława,(23) 654-34-98,(23) 655-14-38,us.mlawa@mf.gov.pl,1413,www.mazowieckie.kas.gov.pl/urzad-skarbowy-w-mlawie
222,mazowieckie,US,Urząd Skarbowy w Nowym Dworze Mazowieckim,05-100,Nowy Dwór Mazowiecki,Legionów ,7,Nowy Dwór Mazowiecki,(22) 765-90-40,(22) 765-90-99,us.nowydwor-mazowiecki@mf.gov.pl,1414,www.mazowieckie.kas.gov.pl/urzad-skarbowy-w-nowym-dworze-mazowieckim
223,mazowieckie,US,Urząd Skarbowy w Ostrołęce,07-410,Ostrołęka,Przechodnia ,6,Ostrołęka,(29) 746-41-00,(29) 746-41-03,us.ostroleka@mf.gov.pl,1415,www.mazowieckie.kas.gov.pl/urzad-skarbowy-w-ostrolece
224,mazowieckie,US,Urząd Skarbowy w Ostrowi Mazowieckiej,07-300,Ostrów Mazowiecka,Stanisława Duboisa ,1,Ostrów Mazowiecka,"(29) 645-20-00,  (29) 645-20-80",-,us.ostrow-mazowiecka@mf.gov.pl,1416,www.mazowieckie.kas.gov.pl/urzad-skarbowy-w-ostrowi-mazowieckiej
225,mazowieckie,US,Urząd Skarbowy w Otwocku,05-400,Otwock,Jana Matejki ,4,Otwock,(22) 778-23-01,(22) 778-23-08,us.otwock@mf.gov.pl,1417,www.mazowieckie.kas.gov.pl/urzad-skarbowy-w-otwocku
226,mazowieckie,US,Urząd Skarbowy w Piasecznie,05-500,Piaseczno,Energetyczna ,5,Piaseczno,(22) 726-67-00,(22) 726-68-54,us.piaseczno@mf.gov.pl,1418,www.mazowieckie.kas.gov.pl/urzad-skarbowy-w-piasecznie
227,mazowieckie,US,Urząd Skarbowy w Płocku,09-402,Płock,1 Maja ,10,Płock,(24) 361-65-00,(24) 361-65-45,us.plock@mf.gov.pl,1419,www.mazowieckie.kas.gov.pl/urzad-skarbowy-w-plocku
228,mazowieckie,US,Urząd Skarbowy w Płońsku,09-100,Płońsk,Spółdzielcza ,2,Płońsk,(23) 662-04-00,(23) 662-04-04,us.plonsk@mf.gov.pl,1420,www.mazowieckie.kas.gov.pl/urzad-skarbowy-w-plonsku
229,mazowieckie,US,Urząd Skarbowy w Pruszkowie,05-800,Pruszków,Stanisława Staszica ,1,Pruszków,"(22) 738-09-00, (22) 738-08-25","(22) 738-07-77, (22) 738-07-76",us.pruszkow@mf.gov.pl,1421,www.mazowieckie.kas.gov.pl/urzad-skarbowy-w-pruszkowie
230,mazowieckie,US,Urząd Skarbowy w Przasnyszu,06-300,Przasnysz,Świerkowa ,3,Przasnysz,(29) 752-26-62,(29) 756-45-08 wew. 303; (29) 752 26 62 wew. 303,us.przasnysz@mf.gov.pl,1422,www.mazowieckie.kas.gov.pl/urzad-skarbowy-w-przasnyszu
231,mazowieckie,US,Urząd Skarbowy w Pułtusku,06-100,Pułtusk,Żwirki i Wigury ,7,Pułtusk,(23) 692-01-12; (23) 692-55-69; (23) 692-52-64; (23) 692-54-10,(23) 692-13-34,us.pultusk@mf.gov.pl,1423,www.mazowieckie.kas.gov.pl/urzad-skarbowy-w-pultusku
232,mazowieckie,US,Pierwszy Urząd Skarbowy w Radomiu,26-615,Radom,Stanisława Zbrowskiego ,106,Radom,(48) 368-14-00; (48) 368-14-03,(48) 368-14-98,1us.radom@mf.gov.pl,1424,www.mazowieckie.kas.gov.pl/pierwszy-urzad-skarbowy-w-radomiu
233,mazowieckie,US,Drugi Urząd Skarbowy w Radomiu,26-600,Radom,Toruńska ,3,Radom,(48) 385-31-00; (48) 385-31-38,-,2us.radom@mf.gov.pl,1425,www.mazowieckie.kas.gov.pl/drugi-urzad-skarbowy-w-radomiu
234,mazowieckie,US,Urząd Skarbowy w Siedlcach,08-110,Siedlce,Bp. Ignacego Świrskiego,45,Siedlce,"(25) 632-87-20, (25) 632-48-80, (25) 644-18-50",(25) 633-15-25,us.siedlce@mf.gov.pl,1426,www.mazowieckie.kas.gov.pl/urzad-skarbowy-w-siedlcach
235,mazowieckie,US,Urząd Skarbowy w Sierpcu,09-200,Sierpc,Piastowska ,48,Sierpc,(24) 275-21-08,(24) 275-38-77,us.sierpc@mf.gov.pl,1427,www.mazowieckie.kas.gov.pl/urzad-skarbowy-w-sierpcu
236,mazowieckie,US,Urząd Skarbowy w Sochaczewie,96-500,Sochaczew,Władysława Grabskiego ,4,Sochaczew,"(46) 862-26-04, (46) 862-21-18",(46) 862-26-03,us.sochaczew@mf.gov.pl,1428,www.mazowieckie.kas.gov.pl/urzad-skarbowy-w-sochaczewie
237,mazowieckie,US,Urząd Skarbowy w Sokołowie Podlaskim,08-300,Sokołów Podlaski,Węgrowska ,5,Sokołów Podlaski,(25) 781-27-61; (25) 781-21-01; (25) 781-26-75; (25) 787-73-07,(25) 781-27-61 w.130,us.sokolow-podlaski@mf.gov.pl,1429,www.mazowieckie.kas.gov.pl/urzad-skarbowy-w-sokolowie-podlaskim
238,mazowieckie,US,Urząd Skarbowy w Szydłowcu,26-500,Szydłowiec,Widok ,6,Szydłowiec,(48) 617-00-81; (48) 617-63-17; (48) 617-63-18,(48) 617 04 60; (48) 617 63 16,us.szydlowiec@mf.gov.pl,1430,www.mazowieckie.kas.gov.pl/urzad-skarbowy-w-szydlowcu
239,mazowieckie,US,Urząd Skarbowy Warszawa - Bemowo,02-325,Warszawa,Białobrzeska ,53A,Warszawa,(22) 570-88-00,(22) 570-88-60,us.warszawa.bemowo@mf.gov.pl,1431,www.mazowieckie.kas.gov.pl/urzad-skarbowy-warszawa-bemowo
240,mazowieckie,US,Urząd Skarbowy Warszawa - Bielany,01-844,Warszawa,Skalbmierska ,5,Warszawa,(22) 569-32-00,(22) 56-93-375,us.warszawa.bielany@mf.gov.pl,1432,www.mazowieckie.kas.gov.pl/urzad-skarbowy-warszawa-bielany
241,mazowieckie,US,Urząd Skarbowy Warszawa - Mokotów,02-676,Warszawa,Postępu ,16A,Warszawa,"(22) 502-00-00, (22) 502-02-15",-,us.warszawa.mokotow@mf.gov.pl,1433,www.mazowieckie.kas.gov.pl/urzad-skarbowy-warszawa-mokotow
242,mazowieckie,US,Urząd Skarbowy Warszawa - Praga,03-719,Warszawa,Jagiellońska ,15,Warszawa,(22) 509 18 00; (22) 509 18 01,(22) 509-19-90,us.warszawa.praga@mf.gov.pl,1434,www.mazowieckie.kas.gov.pl/urzad-skarbowy-warszawa-praga
243,mazowieckie,US,Pierwszy Urząd Skarbowy Warszawa - Śródmieście,02-013,Warszawa,Williama Lindleya ,14,Warszawa,(22) 584-61-00; (22) 584-61-06,"(22) 584-61-90,",1us.warszawa.srodmiescie@mf.gov.pl,1435,www.mazowieckie.kas.gov.pl/pierwszy-urzad-skarbowy-warszawa-srodmiescie
244,mazowieckie,US,Drugi Urząd Skarbowy Warszawa - Śródmieście,03-719,Warszawa,Jagiellońska ,15,Warszawa,(22) 511-35-01,(22) 511-35-02,2us.warszawa.srodmiescie@mf.gov.pl,1436,www.mazowieckie.kas.gov.pl/drugi-urzad-skarbowy-warszawa-srodmiescie
245,mazowieckie,US,Urząd Skarbowy Warszawa - Targówek,03-484,Warszawa,Dąbrowszczaków,14,Warszawa,(22) 511-76-00,(22) 619-11-04,us.warszawa.targowek@mf.gov.pl,1437,www.mazowieckie.kas.gov.pl/urzad-skarbowy-warszawa-targowek
246,mazowieckie,US,Urząd Skarbowy Warszawa - Ursynów,02-677,Warszawa,Wynalazek ,3,Warszawa,"(22) 548-68-00,",-,us.warszawa.ursynow@mf.gov.pl,1438,www.mazowieckie.kas.gov.pl/urzad-skarbowy-warszawa-ursynow
247,mazowieckie,US,Urząd Skarbowy Warszawa - Wawer,04-379,Warszawa,Ludwika Mycielskiego ,21,Warszawa,(22) 50 94 100,(22) 870-57-19,us.warszawa.wawer@mf.gov.pl,1439,www.mazowieckie.kas.gov.pl/urzad-skarbowy-warszawa-wawer
248,mazowieckie,US,Urząd Skarbowy Warszawa - Wola,01-381,Warszawa,Powstańców Śląskich ,2D,Warszawa,(22) 533-66-00,(22) 533-66-15,us.warszawa.wola@mf.gov.pl,1440,www.mazowieckie.kas.gov.pl/urzad-skarbowy-warszawa-wola
249,mazowieckie,US,Urząd Skarbowy w Węgrowie,07-100,Węgrów,Obrębowa,17,Węgrów,(25) 785-96-00,-,us.wegrow@mf.gov.pl,1441,www.mazowieckie.kas.gov.pl/urzad-skarbowy-w-wegrowie
250,mazowieckie,US,Urząd Skarbowy w Wołominie ,05-200,Wołomin,Przejazd ,2,Wołomin,"(22) 787-75-82, (22) 787-75-83,  (22) 787-75-84",(22) 787-65-10,us.wolomin@mf.gov.pl,1442,www.mazowieckie.kas.gov.pl/urzad-skarbowy-w-wolominie
251,mazowieckie,US,Urząd Skarbowy w Wyszkowie,07-200,Wyszków,Gen. Józefa Sowińskiego ,82,Wyszków,(29) 74 302 41 ,(29) 742-34-22,us.wyszkow@mf.gov.pl,1443,www.mazowieckie.kas.gov.pl/urzad-skarbowy-w-wyszkowie
252,mazowieckie,US,Urząd Skarbowy w Zwoleniu,26-700,Zwoleń,Wojska Polskiego ,39,Zwoleń,"(48) 676-24-67, (48)  676-25-84",-,us.zwolen@mf.gov.pl,1444,www.mazowieckie.kas.gov.pl/urzad-skarbowy-w-zwoleniu
253,mazowieckie,US,Urząd Skarbowy w Żurominie,09-300,Żuromin,Plac Józefa Piłsudskiego ,4,Żuromin,(23) 657-32-76; (23) 657-32-56; (23) 657-32-63,(23) 657-32-56 wew.127,us.zuromin@mf.gov.pl,1445,www.mazowieckie.kas.gov.pl/urzad-skarbowy-w-zurominie
254,mazowieckie,US,Urząd Skarbowy w Żyrardowie,96-300,Żyrardów,1 Maja ,49A,Żyrardów,"(46) 855-35-56, (46) 855-22-37, (46) 855-41-98, (46) 855-36-53, (46) 855-35-70",(46) 855-35-56 wew.115,us.zyrardow@mf.gov.pl,1446,www.mazowieckie.kas.gov.pl/urzad-skarbowy-w-zyrardowie
255,mazowieckie,US,Urząd Skarbowy w Lipsku,27-300,Lipsko,Solecka ,88,Lipsko,(48)  378 13 36,-,us.lipsko@mf.gov.pl,1447,www.mazowieckie.kas.gov.pl/urzad-skarbowy-w-lipsku
256,mazowieckie,US,Urząd Skarbowy w Przysusze,26-400,Przysucha,Szkolna ,7,Przysucha,(48) 675-20-76; (48) 675-20-77; (48) 675-20-78,(48) 675-20-75,us.przysucha@mf.gov.pl,1448,www.mazowieckie.kas.gov.pl/urzad-skarbowy-w-przysusze
257,mazowieckie,US,Trzeci Urząd Skarbowy Warszawa - Śródmieście,02-013,Warszawa,Williama Lindleya ,14,Warszawa,(22) 584-51-00,(22) 58 45 312,3us.warszawa.srodmiescie@mf.gov.pl,1449,www.mazowieckie.kas.gov.pl/trzeci-urzad-skarbowy-warszawa-srodmiescie
276,opolskie,US,Urząd Skarbowy w Brzegu,49-305,Brzeg,Składowa ,2,Brzeg,(22) 460 59 95,77 400 52 02,us.brzeg@mf.gov.pl,1602,www.opolskie.kas.gov.pl/urzad-skarbowy-w-brzegu
277,opolskie,US,Urząd Skarbowy w Głubczycach,48-100,Głubczyce,Fabryczna ,2,Głubczyce,(22) 460 59 95,77 485 24 37,us.glubczyce@mf.gov.pl,1603,www.opolskie.kas.gov.pl/urzad-skarbowy-w-glubczycach
278,opolskie,US,Urząd Skarbowy w Kędzierzynie-Koźlu,47-224,Kędzierzyn-Koźle,Piotra Skargi ,19,Kędzierzyn-Koźle,(22) 460 59 95,77 406 17 11,us.kedzierzyn-kozle@mf.gov.pl,1604,www.opolskie.kas.gov.pl/urzad-skarbowy-w-kedzierzynie-kozlu
279,opolskie,US,Urząd Skarbowy w Kluczborku,46-200,Kluczbork,Sienkiewicza ,22A,Kluczbork,(22) 460 59 95,77 425 06 01,us.kluczbork@mf.gov.pl,1605,www.opolskie.kas.gov.pl/urzad-skarbowy-w-kluczborku
280,opolskie,US,Urząd Skarbowy w Namysłowie,46-100,Namysłów,Marii Skłodowskiej-Curie,12,Namysłów,(22) 460 59 95,77 410 20 46,us.namyslow@mf.gov.pl,1606,www.opolskie.kas.gov.pl/urzad-skarbowy-w-namyslowie
281,opolskie,US,Urząd Skarbowy w Nysie ,48-300,Nysa,Bolesława Krzywoustego ,23,Nysa,(22) 460 59 95,77  408 08 10,us.nysa@mf.gov.pl,1607,www.opolskie.kas.gov.pl/urzad-skarbowy-w-nysie
282,opolskie,US,Urząd Skarbowy w Oleśnie,46-300,Olesno,Jana Pieloka ,21,Olesno,(22) 460 59 95,34 358 24 59,us.olesno@mf.gov.pl,1608,www.opolskie.kas.gov.pl/urzad-skarbowy-w-olesnie
283,opolskie,US,Pierwszy Urząd Skarbowy w Opolu,45-331,Opole,Tadeusza Rejtana ,3B,Opole,(22) 460 59 95,77  454 42 46,1us.opole@mf.gov.pl,1609,www.opolskie.kas.gov.pl/pierwszy-urzad-skarbowy-w-opolu
284,opolskie,US,Drugi Urząd Skarbowy w Opolu,45-331,Opole,płk. Witolda Pileckiego,2,Opole,(22) 460 59 95,77 442 36 41,2us.opole@mf.gov.pl,1610,www.opolskie.kas.gov.pl/drugi-urzad-skarbowy-w-opolu
285,opolskie,US,Urząd Skarbowy w Prudniku,48-200,Prudnik,Mikołaja Kopernika ,1A,Prudnik,(22) 460 59 95,77 436 99 08,us.prudnik@mf.gov.pl,1611,www.opolskie.kas.gov.pl/urzad-skarbowy-w-prudniku
286,opolskie,US,Urząd Skarbowy w Strzelcach Opolskich,47-100,Strzelce Opolskie,Opolska ,13,Strzelce Opolskie,(22) 460 59 95,77 461 28 29 w. 307,us.strzelce-opolskie@mf.gov.pl,1612,www.opolskie.kas.gov.pl/urzad-skarbowy-w-strzelcach-opolskich
287,opolskie,US,Urząd Skarbowy w Krapkowicach,47-300,Krapkowice,Opolska ,96A,Krapkowice,(22) 460 59 95,77 446 77 11,us.krapkowice@mf.gov.pl,1613,www.opolskie.kas.gov.pl/urzad-skarbowy-w-krapkowicach
293,podkarpackie,US,Urząd Skarbowy w Brzozowie,36-200,Brzozów,Kazimierzowska ,1,Brzozów,(13) 434-07-30,(13) 434-08-70,us.brzozow@mf.gov.pl,1802,www.podkarpackie.kas.gov.pl/urzad-skarbowy-w-brzozowie
294,podkarpackie,US,Urząd Skarbowy w Dębicy,39-200,Dębica,Kolejowa ,21,Dębica,(14) 680-52-15,(14) 680-52-26,us.debica@mf.gov.pl,1803,www.podkarpackie.kas.gov.pl/urzad-skarbowy-w-debicy
295,podkarpackie,US,Urząd Skarbowy w Jarosławiu,37-500,Jarosław,Przemysłowa ,2A,Jarosław,(16) 624-67-55,(16) 624-67-87,us.jaroslaw@mf.gov.pl,1804,www.podkarpackie.kas.gov.pl/urzad-skarbowy-w-jaroslawiu
296,podkarpackie,US,Urząd Skarbowy w Jaśle,38-200,Jasło,Stanisława Staszica ,3,Jasło,(13) 448-24-62,(13) 448-24-25,us.jaslo@mf.gov.pl,1805,www.podkarpackie.kas.gov.pl/urzad-skarbowy-w-jasle
297,podkarpackie,US,Urząd Skarbowy w Kolbuszowej,36-100,Kolbuszowa,Tadeusza Kościuszki ,20,Kolbuszowa,(17) 227-06-50; (17) 227-13-68,(17) 227-26-33,us.kolbuszowa@mf.gov.pl,1806,www.podkarpackie.kas.gov.pl/urzad-skarbowy-w-kolbuszowej
298,podkarpackie,US,Urząd Skarbowy w Krośnie,38-400,Krosno,Składowa ,5,Krosno,(13) 437-35-05,(13) 437-35-08,us.krosno@mf.gov.pl,1807,www.podkarpackie.kas.gov.pl/urzad-skarbowy-w-krosnie
299,podkarpackie,US,Urząd Skarbowy w Lesku,38-600,Lesko,Rynek ,1,Lesko,(13) 469-64-84,(13) 469-85-34,us.lesko@mf.gov.pl,1808,www.podkarpackie.kas.gov.pl/urzad-skarbowy-w-lesku
300,podkarpackie,US,Urząd Skarbowy w Leżajsku,37-300,Leżajsk,Plac Targowy,3,Leżajsk,(17) 240-68-00,(17) 240-68-12,us.lezajsk@mf.gov.pl,1809,www.podkarpackie.kas.gov.pl/urzad-skarbowy-w-lezajsku
301,podkarpackie,US,Urząd Skarbowy w Lubaczowie,37-600,Lubaczów,Jana III Sobieskiego ,6,Lubaczów,(16) 632-93-00,(16) 632-27-85,us.lubaczow@mf.gov.pl,1810,www.podkarpackie.kas.gov.pl/urzad-skarbowy-w-lubaczowie
302,podkarpackie,US,Urząd Skarbowy w Łańcucie,37-100,Łańcut,Józefa Piłsudskiego ,11,Łańcut,(17) 225-93-00; (17) 225-73-00,(17) 225-23-55,us.lancut@mf.gov.pl,1811,www.podkarpackie.kas.gov.pl/urzad-skarbowy-w-lancucie
303,podkarpackie,US,Urząd Skarbowy w Mielcu,39-300,Mielec,Żeromskiego,13,Mielec,(17) 780-00-00,(17) 780-00-01,us.mielec@mf.gov.pl,1812,www.podkarpackie.kas.gov.pl/urzad-skarbowy-w-mielcu
304,podkarpackie,US,Urząd Skarbowy w Przemyślu,37-700,Przemyśl,Lwowska ,9A,Przemyśl,(16) 675-26-00,(16) 678-81-48,us.przemysl@mf.gov.pl,1813,www.podkarpackie.kas.gov.pl/urzad-skarbowy-w-przemyslu
305,podkarpackie,US,Urząd Skarbowy w Przeworsku,37-200,Przeworsk,Tysiąclecia ,1,Przeworsk,(16) 648-90-27,(16) 648-83-34,us.przeworsk@mf.gov.pl,1814,www.podkarpackie.kas.gov.pl/urzad-skarbowy-w-przeworsku
306,podkarpackie,US,Urząd Skarbowy w Ropczycach,39-100,Ropczyce,Świętej Barbary,12,Ropczyce,(17) 223-18-00,(17) 223-18-01,us.ropczyce@mf.gov.pl,1815,www.podkarpackie.kas.gov.pl/urzad-skarbowy-w-ropczycach
307,podkarpackie,US,Pierwszy Urząd Skarbowy w Rzeszowie,35-309,Rzeszów,Podwisłocze ,42,Rzeszów,(17) 852-52-77,(17) 852-66-08,us.rzeszow1@mf.gov.pl,1816,www.podkarpackie.kas.gov.pl/pierwszy-urzad-skarbowy-w-rzeszowie
308,podkarpackie,US,Urząd Skarbowy w Sanoku,38-500,Sanok,Henryka Sienkiewicza ,1,Sanok,(13) 464-14-90,(13) 461-63-21,us.sanok@mf.gov.pl,1817,www.podkarpackie.kas.gov.pl/urzad-skarbowy-w-sanoku
309,podkarpackie,US,Urząd Skarbowy w Stalowej Woli,37-450,Stalowa Wola,Metalowców ,6,Stalowa Wola,(15) 877-71-00,(15) 877-71-13,us.stalowawola@mf.gov.pl,1818,www.podkarpackie.kas.gov.pl/urzad-skarbowy-w-stalowej-woli
310,podkarpackie,US,Urząd Skarbowy w Strzyżowie,38-100,Strzyżów,Daszyńskiego ,6,Strzyżów,"(17) 276-10-59, (17) 276-85-00",(17) 276-14-62,us.strzyzow@mf.gov.pl,1819,www.podkarpackie.kas.gov.pl/urzad-skarbowy-w-strzyzowie
311,podkarpackie,US,Urząd Skarbowy w Tarnobrzegu,39-400,Tarnobrzeg,Stanisława Wyspiańskiego ,12,Tarnobrzeg,(15) 851-43-00,(15) 851-43-72,us.tarnobrzeg@mf.gov.pl,1820,www.podkarpackie.kas.gov.pl/urzad-skarbowy-w-tarnobrzegu
312,podkarpackie,US,Urząd Skarbowy w Ustrzykach Dolnych,38-700,Ustrzyki Dolne,Mikołaja Kopernika ,1,Ustrzyki Dolne,"(13) 461-21-43, (13) 465-71-00",(13) 465-71-11,us.ustrzykidolne@mf.gov.pl ,1821,www.podkarpackie.kas.gov.pl/urzad-skarbowy-w-ustrzykach-dolnych
313,podkarpackie,US,Drugi Urząd Skarbowy w Rzeszowie,35-234,Rzeszów,Lucjana Siemieńskiego ,18,Rzeszów,(17) 875-14-00,(17) 864-23-75, us.rzeszow2@mf.gov.pl,1822,www.podkarpackie.kas.gov.pl/drugi-urzad-skarbowy-w-rzeszowie
314,podkarpackie,US,Urząd Skarbowy w Nisku,37-400,Nisko,3 Maja ,32B,Nisko,(15) 877-77-00,(15) 841-56-12,us.nisko@mf.gov.pl,1823,www.podkarpackie.kas.gov.pl/urzad-skarbowy-w-nisku
332,podlaskie,US,Urząd Skarbowy w Augustowie,16-300,Augustów,Żabia ,7,Augustów,22 460 59 90,(87) 643-00-33,us.augustow@mf.gov.pl,2002,www.podlaskie.kas.gov.pl/urzad-skarbowy-w-augustowie
333,podlaskie,US,Pierwszy Urząd Skarbowy w Białymstoku,15-219 ,Białystok,Świętojańska ,13,Białystok,22 460 59 90,(85) 878-41-01,1us.bialystok@mf.gov.pl,2003,www.podlaskie.kas.gov.pl/pierwszy-urzad-skarbowy-w-bialymstoku
334,podlaskie,US,Drugi Urząd Skarbowy w Białymstoku,15-502 ,Białystok,Plażowa ,17,Białystok,22 460 59 90,(85) 741-34-89,2us.bialystok@mf.gov.pl,2004,www.podlaskie.kas.gov.pl/drugi-urzad-skarbowy-w-bialymstoku
335,podlaskie,US,Urząd Skarbowy w Bielsku Podlaskim,17-100,Bielsk Podlaski,Adama Mickiewicza ,33,Bielsk Podlaski,22 460 59 90,(85) 730-11-00,us.bielsk-podlaski@mf.gov.pl,2005,www.podlaskie.kas.gov.pl/urzad-skarbowy-w-bielsku-podlaskim
336,podlaskie,US,Urząd Skarbowy w Grajewie,19-200,Grajewo,Elewatorska ,8,Grajewo,22 460 59 90,(86) 272-28-08,us.grajewo@mf.gov.pl,2006,www.podlaskie.kas.gov.pl/urzad-skarbowy-w-grajewie
337,podlaskie,US,Urząd Skarbowy w Kolnie,18-500,Kolno,Wojska Polskiego ,20,Kolno,22 460 59 90,(86) 278-19-72,us.kolno@mf.gov.pl,2007,www.podlaskie.kas.gov.pl/urzad-skarbowy-w-kolnie
338,podlaskie,US,Urząd Skarbowy w Łomży,18-400,Łomża,Polowa ,47,Łomża,22 460 59 90,(86) 216-23-63,us.lomza@mf.gov.pl,2008,www.podlaskie.kas.gov.pl/urzad-skarbowy-w-lomzy
339,podlaskie,US,Urząd Skarbowy w Mońkach,19-100,Mońki,Ełcka ,41A,Mońki,22 460 59 90,(85) 727-99-50,us.monki@mf.gov.pl,2009,www.podlaskie.kas.gov.pl/urzad-skarbowy-w-monkach
340,podlaskie,US,Urząd Skarbowy w Siemiatyczach,17-300,Siemiatycze,Pałacowa ,18,Siemiatycze,22 460 59 90,(85) 655-27-40,us.siemiatycze@mf.gov.pl,2010,www.podlaskie.kas.gov.pl/urzad-skarbowy-w-siemiatyczach
341,podlaskie,US,Urząd Skarbowy w Sokółce,16-100,Sokółka,Białostocka ,47,Sokółka,22 460 59 90,-,us.sokolka@mf.gov.pl,2011,www.podlaskie.kas.gov.pl/urzad-skarbowy-w-sokolce
342,podlaskie,US,Urząd Skarbowy w Suwałkach,16-400 ,Suwałki,1 Maja ,2A,Suwałki,22 460 59 90,(87) 566-67-07,us.suwalki@mf.gov.pl,2012,www.podlaskie.kas.gov.pl/urzad-skarbowy-w-suwalkach
343,podlaskie,US,Urząd Skarbowy w Wysokiem Mazowieckiem,18-200,Wysokie Mazowieckie,Ludowa ,21,Wysokie Mazowieckie,22 460 59 90,(86) 275-74-39,us.wysokie-mazowieckie@mf.gov.pl,2013,www.podlaskie.kas.gov.pl/urzad-skarbowy-w-wysokiem-mazowieckiem
344,podlaskie,US,Urząd Skarbowy w Zambrowie,18-300,Zambrów,Jantarowa ,16,Zambrów,22 460 59 90,(86) 271-38-92,us.zambrow@mf.gov.pl,2014,www.podlaskie.kas.gov.pl/urzad-skarbowy-w-zambrowie
345,podlaskie,US,Urząd Skarbowy w Hajnówce,17-200,Hajnówka,3 Maja ,34,Hajnówka,22 460 59 90,(85) 682-00-01,us.hajnowka@mf.gov.pl,2015,www.podlaskie.kas.gov.pl/urzad-skarbowy-w-hajnowce
358,pomorskie,US,Urząd Skarbowy w Bytowie,77-100,Bytów,1 Maja ,16,Bytów,(59) 822 28 91,-,us.bytow@mf.gov.pl,2202,www.pomorskie.kas.gov.pl/urzad-skarbowy-w-bytowie
359,pomorskie,US,Urząd Skarbowy w Chojnicach,89-600,Chojnice,Młyńska ,22,Chojnice,(52) 396 54 00,-,us.chojnice@mf.gov.pl,2203,www.pomorskie.kas.gov.pl/urzad-skarbowy-w-chojnicach
360,pomorskie,US,Urząd Skarbowy w Człuchowie,77-300,Człuchów,Jerzego z Dąbrowy ,5E,Człuchów,(59) 834 79 00,-,us.czluchow@mf.gov.pl,2204,www.pomorskie.kas.gov.pl/urzad-skarbowy-w-czluchowie
361,pomorskie,US,Pierwszy Urząd Skarbowy w Gdańsku,80-822,Gdańsk,Rzeźnicka ,54/56,Gdańsk,(58) 321 23 00,-,1us.gdansk@mf.gov.pl,2205,www.pomorskie.kas.gov.pl/pierwszy-urzad-skarbowy-w-gdansku
362,pomorskie,US,Drugi Urząd Skarbowy w Gdańsku,80-391,Gdańsk,Kołobrzeska ,43,Gdańsk,(58) 765 45 00,-,2us.gdansk@mf.gov.pl,2206,www.pomorskie.kas.gov.pl/drugi-urzad-skarbowy-w-gdansku
363,pomorskie,US,Trzeci Urząd Skarbowy w Gdańsku,80-362,Gdańsk,Chłopska,3,Gdańsk,(58) 76 11 300,-,3us.gdansk@mf.gov.pl,2207,www.pomorskie.kas.gov.pl/trzeci-urzad-skarbowy-w-gdansku
364,pomorskie,US,Pierwszy Urząd Skarbowy w Gdyni,81-353,Gdynia,Władysława IV ,2/4,Gdynia,(58) 76 54 600,-,1us.gdynia@mf.gov.pl,2208,www.pomorskie.kas.gov.pl/pierwszy-urzad-skarbowy-w-gdyni
365,pomorskie,US,Drugi Urząd Skarbowy w Gdyni,81-061,Gdynia,Hutnicza ,25,Gdynia,(58) 76 54 800,-,2us.gdynia@mf.gov.pl,2209,www.pomorskie.kas.gov.pl/drugi-urzad-skarbowy-w-gdyni
366,pomorskie,US,Urząd Skarbowy w Kartuzach,83-300,Kartuzy,Kościerska ,13,Kartuzy,(58) 685 28 00,-,us.kartuzy@mf.gov.pl,2210,www.pomorskie.kas.gov.pl/urzad-skarbowy-w-kartuzach
367,pomorskie,US,Urząd Skarbowy w Kościerzynie,83-400,Kościerzyna,Staszica ,6,Kościerzyna,(58) 680 89 00,-,us.koscierzyna@mf.gov.pl,2211,www.pomorskie.kas.gov.pl/urzad-skarbowy-w-koscierzynie
368,pomorskie,US,Urząd Skarbowy w Kwidzynie,82-500,Kwidzyn,3 Maja ,6,Kwidzyn,(55) 64 13 700,-,us.kwidzyn@mf.gov.pl,2212,www.pomorskie.kas.gov.pl/urzad-skarbowy-w-kwidzynie
369,pomorskie,US,Urząd Skarbowy w Lęborku,84-300,Lębork,Słupska ,23,Lębork,(59) 863 76 00,-,us.lebork@mf.gov.pl,2213,www.pomorskie.kas.gov.pl/urzad-skarbowy-w-leborku
370,pomorskie,US,Urząd Skarbowy w Malborku,82-200,Malbork,Mikołaja Kopernika ,10,Malbork,(55) 270 22 22,-,us.malbork@mf.gov.pl,2214,www.pomorskie.kas.gov.pl/urzad-skarbowy-w-malborku
371,pomorskie,US,Urząd Skarbowy w Pucku,84-100,Puck,Kmdr. E. Szystowskiego ,18,Puck,(58) 774 24 00,-,us.puck@mf.gov.pl,2215,www.pomorskie.kas.gov.pl/urzad-skarbowy-w-pucku
372,pomorskie,US,Urząd Skarbowy w Słupsku,76-200,Słupsk,Szczecińska ,59,Słupsk,(59) 84 47 300,-,us.slupsk@mf.gov.pl,2216,www.pomorskie.kas.gov.pl/urzad-skarbowy-w-slupsku
373,pomorskie,US,Urząd Skarbowy w Sopocie,81-808,Sopot,23 Marca ,9/11,Sopot,(58) 555 46 00,-,us.sopot@mf.gov.pl,2217,www.pomorskie.kas.gov.pl/urzad-skarbowy-w-sopocie
374,pomorskie,US,Urząd Skarbowy w Starogardzie Gdańskim,83-200,Starogard Gdański,Lubichowska ,4,Starogard Gdański,(58) 562 56 71,-,us.starogard.gdanski@mf.gov.pl,2218,www.pomorskie.kas.gov.pl/urzad-skarbowy-w-starogardzie-gdanskim
375,pomorskie,US,Urząd Skarbowy w Tczewie,83-110,Tczew,Gdańska ,33,Tczew,(58) 532 90 10,-,us.tczew@mf.gov.pl,2219,www.pomorskie.kas.gov.pl/urzad-skarbowy-w-tczewie
376,pomorskie,US,Urząd Skarbowy w Wejherowie,84-200,Wejherowo,Jana III Sobieskiego ,346,Wejherowo,(58) 736 39 00,-,us.wejherowo@mf.gov.pl,2220,www.pomorskie.kas.gov.pl/urzad-skarbowy-w-wejherowie
377,pomorskie,US,Urząd Skarbowy w Pruszczu Gdańskim,83-000,Pruszcz Gdański,Ignacego Łukasiewicza ,2,Pruszcz Gdański,(58) 773-16-25,-,us.pruszcz.gdanski@mf.gov.pl,2221,www.pomorskie.kas.gov.pl/urzad-skarbowy-w-pruszczu-gdanskim
393,śląskie,US,Urząd Skarbowy w Będzinie,42-500,Będzin,Józefa Retingera,1,Będzin,22 460 59 96,32 762 77 06,sekretariat.us.bedzin@mf.gov.pl,2402,www.slaskie.kas.gov.pl/urzad-skarbowy-w-bedzinie
394,śląskie,US,Pierwszy Urząd Skarbowy w Bielsku-Białej,43-300,Bielsko-Biała,Teodora Sixta ,17,Bielsko-Biała,22 460 59 96,33 499 82 21,sekretariat.1us.bielsko-biala@mf.gov.pl,2403,www.slaskie.kas.gov.pl/pierwszy-urzad-skarbowy-w-bielsko-bialej
395,śląskie,US,Drugi Urząd Skarbowy w Bielsku-Białej,43-300,Bielsko-Biała,Gen. Stanisława Maczka ,73,Bielsko-Biała,22 460 59 96,33 499 81 00,sekretariat.2us.bielsko-biala@mf.gov.pl,2404,www.slaskie.kas.gov.pl/drugi-urzad-skarbowy-w-bielsko-bialej
396,śląskie,US,Urząd Skarbowy w Bytomiu,41-902,Bytom,Wrocławska ,92,Bytom,22 460 59 96,"32 389 60 08, 32 282 84 06",sekretariat.us.bytom@mf.gov.pl,2405,www.slaskie.kas.gov.pl/urzad-skarbowy-w-bytomiu
397,śląskie,US,Urząd Skarbowy w Chorzowie,41-506,Chorzów,Armii Krajowej ,5,Chorzów,22 460 59 96,32 246 47 43,sekretariat.us.chorzow@mf.gov.pl,2406,www.slaskie.kas.gov.pl/urzad-skarbowy-w-chorzowie
398,śląskie,US,Urząd Skarbowy w Cieszynie,43-400,Cieszyn,Ignacego Kraszewskiego ,4,Cieszyn,22 460 59 96,33 852 63 30,sekretariat.us.cieszyn@mf.gov.pl,2407,www.slaskie.kas.gov.pl/urzad-skarbowy-w-cieszynie
399,śląskie,US,Urząd Skarbowy w Czechowicach-Dziedzicach,43-502,Czechowice-Dziedzice,Nad Białką ,1A,Czechowice-Dziedzice,22 460 59 96,32 215 38 98,sekretariat.us.czechowice-dziedzice@mf.gov.pl,2408,www.slaskie.kas.gov.pl/urzad-skarbowy-w-czechowicach-dziedzicach
400,śląskie,US,Pierwszy Urząd Skarbowy w Częstochowie,42-217,Częstochowa,Filomatów ,18/20,Częstochowa,22 460 59 96,34 325 57 70,sekretariat.1us.czestochowa@mf.gov.pl,2409,www.slaskie.kas.gov.pl/pierwszy-urzad-skarbowy-w-czestochowie
401,śląskie,US,Drugi Urząd Skarbowy w Częstochowie,42-200,Częstochowa,Tkacka ,3,Częstochowa,22 460 59 96,34 361 95 02,sekretariat.2us.czestochowa@mf.gov.pl,2410,www.slaskie.kas.gov.pl/drugi-urzad-skarbowy-w-czestochowie
402,śląskie,US,Urząd Skarbowy w Dąbrowie Górniczej,41-300,Dąbrowa Górnicza,Zygmunta Krasińskiego,33A,Dąbrowa Górnicza,22 460 59 96,32 295 90 70,sekretariat.us.dabrowa.gornicza@mf.gov.pl,2411,www.slaskie.kas.gov.pl/urzad-skarbowy-w-dabrowie-gorniczej
403,śląskie,US,Pierwszy Urząd Skarbowy w Gliwicach,44-100,Gliwice,Góry Chełmskiej ,15,Gliwice,22 460 59 96,32 231 30 69,sekretariat.1us.gliwice@mf.gov.pl,2412,www.slaskie.kas.gov.pl/pierwszy-urzad-skarbowy-w-gliwicach
404,śląskie,US,Drugi Urząd Skarbowy w Gliwicach,44-100,Gliwice,Młodego Hutnika ,2,Gliwice,22 460 59 96,32 270 40 17,sekretariat.2us.gliwice@mf.gov.pl,2413,www.slaskie.kas.gov.pl/drugi-urzad-skarbowy-w-gliwicach
405,śląskie,US,Urząd Skarbowy w Jastrzębiu-Zdroju,44-335,Jastrzębie-Zdrój,11 Listopada ,13,Jastrzębie-Zdrój,22 460 59 96,32 707-73-99,sekretariat.us.jastrzebie-zdroj@mf.gov.pl,2414,www.slaskie.kas.gov.pl/urzad-skarbowy-w-jastrzebiu-zdroju
406,śląskie,US,Urząd Skarbowy w Jaworznie,43-600,Jaworzno,Grunwaldzka,274A,Jaworzno,22 460 59 96,32 616 35 99,sekretariat.us.jaworzno@mf.gov.pl,2415,www.slaskie.kas.gov.pl/urzad-skarbowy-w-jaworznie
407,śląskie,US,Pierwszy Urząd Skarbowy w Katowicach,40-063,Katowice,Żwirki i Wigury ,17,Katowice,22 460 59 96,-,sekretariat.1us.katowice@mf.gov.pl,2416,www.slaskie.kas.gov.pl/pierwszy-urzad-skarbowy-w-katowicach
408,śląskie,US,Drugi Urząd Skarbowy w Katowicach,40-282,Katowice,Ignacego Paderewskiego ,32B,Katowice,22 460 59 96,32 358 17 51,sekretariat.2us.katowice@mf.gov.pl,2417,www.slaskie.kas.gov.pl/drugi-urzad-skarbowy-w-katowicach
409,śląskie,US,Urząd Skarbowy w Kłobucku,42-100,Kłobuck,Rynek im. Jana Pawła II ,13,Kłobuck,22 460 59 96,34 310 08 88,sekretariat.us.klobuck@mf.gov.pl,2418,www.slaskie.kas.gov.pl/urzad-skarbowy-w-klobucku
410,śląskie,US,Urząd Skarbowy w Lublińcu,42-700,Lubliniec,Ignacego Paderewskiego,7B,Lubliniec,22 460 59 96,34 352 83 99,sekretariat.us.lubliniec@mf.gov.pl,2419,www.slaskie.kas.gov.pl/urzad-skarbowy-w-lublincu
411,śląskie,US,Urząd Skarbowy w Mikołowie,43-190,Mikołów,prof. Maksymiliana Hubera ,4,Mikołów,22 460 59 96,32 226 08 51,sekretariat.us.mikolow@mf.gov.pl,2420,www.slaskie.kas.gov.pl/urzad-skarbowy-w-mikolowie
412,śląskie,US,Urząd Skarbowy w Mysłowicach,41-400,Mysłowice,Adama Mickiewicza ,4,Mysłowice,22 460 59 96,"32 317 24 50, 32 317 24 10",sekretariat.us.myslowice@mf.gov.pl,2421,www.slaskie.kas.gov.pl/urzad-skarbowy-w-myslowicach
413,śląskie,US,Urząd Skarbowy w Myszkowie,42-300,Myszków,Kazimierza Pułaskiego,68,Myszków,22 460 59 96,34 313 18 49,sekretariat.us.myszkow@mf.gov.pl,2422,www.slaskie.kas.gov.pl/urzad-skarbowy-w-myszkowie
414,śląskie,US,Urząd Skarbowy w Piekarach Śląskich,41-940,Piekary Śląskie,Bytomska ,92,Piekary Śląskie,22 460 59 96,32 769 41 12,sekretariat.us.piekary.slaskie@mf.gov.pl,2423,www.slaskie.kas.gov.pl/urzad-skarbowy-w-piekarach-slaskich
415,śląskie,US,Urząd Skarbowy w Pszczynie,43-200,Pszczyna,3 Maja ,4,Pszczyna,22 460 59 96,32 449 22 05,sekretariat.us.pszczyna@mf.gov.pl,2424,www.slaskie.kas.gov.pl/urzad-skarbowy-w-pszczynie
416,śląskie,US,Urząd Skarbowy w Raciborzu,47-400,Racibórz,Michała Drzymały,32,Racibórz,22 460 59 96,32 415 20 47,sekretariat.us.raciborz@mf.gov.pl,2425,www.slaskie.kas.gov.pl/urzad-skarbowy-w-raciborzu
417,śląskie,US,Urząd Skarbowy w Rudzie Śląskiej,41-700,Ruda Śląska,Kokotek ,6,Ruda Śląska,22 460 59 96,32 342 05 08,sekretariat.us.ruda.slaska@mf.gov.pl,2426,www.slaskie.kas.gov.pl/urzad-skarbowy-w-rudzie-slaskiej
418,śląskie,US,Urząd Skarbowy w Rybniku,44-200,Rybnik,Pl. Armii Krajowej ,3,Rybnik,22 460 59 96,32 423 58 80,sekretariat.us.rybnik@mf.gov.pl,2427,www.slaskie.kas.gov.pl/urzad-skarbowy-w-rybniku
419,śląskie,US,Urząd Skarbowy w Siemianowicach Śląskich,41-100,Siemianowice Śląskie,Śląska,84,Siemianowice Śląskie,22 460 59 96,32 766 85 85,sekretariat.us.siemianowice.slaskie@mf.gov.pl,2428,www.slaskie.kas.gov.pl/urzad-skarbowy-w-siemianowicach-slaskich
420,śląskie,US,Urząd Skarbowy w Sosnowcu,41-200,Sosnowiec,3 Maja ,20,Sosnowiec,22 460 59 96,32 266 86 49,sekretariat.us.sosnowiec@mf.gov.pl,2429,www.slaskie.kas.gov.pl/urzad-skarbowy-w-sosnowcu
421,śląskie,US,Urząd Skarbowy w Tarnowskich Górach,42-600,Tarnowskie Góry,Opolska ,23,Tarnowskie Góry,22 460 59 96,32 769 92 05,sekretariat.us.tarnowskie.gory@mf.gov.pl,2430,www.slaskie.kas.gov.pl/urzad-skarbowy-w-tarnowskich-gorach
422,śląskie,US,Urząd Skarbowy w Tychach,43-100,Tychy,Al. Niepodległości ,60,Tychy,22 460 59 96,32 325 11 59,sekretariat.us.tychy@mf.gov.pl,2431,www.slaskie.kas.gov.pl/urzad-skarbowy-w-tychach
423,śląskie,US,Urząd Skarbowy w Wodzisławiu Śląskim,44-300,Wodzisław Śląski,Bartosza Głowackiego ,4,Wodzisław Śląski,22 460 59 96,32 455 48 14,sekretariat.us.wodzislaw.slaski@mf.gov.pl,2432,www.slaskie.kas.gov.pl/urzad-skarbowy-w-wodzislawiu-slaskim
424,śląskie,US,Urząd Skarbowy w Zabrzu,41-800,Zabrze,Bytomska ,2,Zabrze,22 460 59 96,32 277 77 41,sekretariat.us.zabrze@mf.gov.pl,2433,www.slaskie.kas.gov.pl/urzad-skarbowy-w-zabrzu
425,śląskie,US,Urząd Skarbowy w Zawierciu,42-400,Zawiercie,Leśna ,8,Zawiercie,22 460 59 96,32 672 24 22,sekretariat.us.zawiercie@mf.gov.pl,2434,www.slaskie.kas.gov.pl/urzad-skarbowy-w-zawierciu
426,śląskie,US,Urząd Skarbowy w Żorach,44-240,Żory,Wodzisławska ,1,Żory,22 460 59 96,32 478 85 31,sekretariat.us.zory@mf.gov.pl,2435,www.slaskie.kas.gov.pl/urzad-skarbowy-w-zorach
427,śląskie,US,Urząd Skarbowy w Żywcu,34-300,Żywiec,Zygmunta Krasińskiego,11,Żywiec,22 460 59 96,33 861 39 85,sekretariat.us.zywiec@mf.gov.pl,2436,www.slaskie.kas.gov.pl/urzad-skarbowy-w-zywcu
442,świętokrzyskie,US,Urząd Skarbowy w Busku-Zdroju,28-100,Busko-Zdrój,Parkowa ,17,Busko-Zdrój,(41) 378-51-50,(41) 378-51-55,us.busko-zdroj@mf.gov.pl ,2602,www.swietokrzyskie.kas.gov.pl/urzad-skarbowy-w-busku-zdroju
443,świętokrzyskie,US,Urząd Skarbowy w Jędrzejowie,28-300,Jędrzejów,11 Listopada ,33,Jędrzejów,(41) 385-48-05,(41) 386-24-43,us.jedrzejow@mf.gov.pl ,2603,www.swietokrzyskie.kas.gov.pl/urzad-skarbowy-w-jedrzejowie
444,świętokrzyskie,US,Pierwszy Urząd Skarbowy w Kielcach ,25-661,Kielce,Wróbla ,17,Kielce,(41) 365-71-14,(41) 345-58-49,1us.kielce@mf.gov.pl ,2604,www.swietokrzyskie.kas.gov.pl/pierwszy-urzad-skarbowy-w-kielcach
445,świętokrzyskie,US,Drugi Urząd Skarbowy w Kielcach,25-647,Kielce,Częstochowska ,20,Kielce,(41) 364-72-03,(41) 364-72-50,2us.kielce@mf.gov.pl ,2605,www.swietokrzyskie.kas.gov.pl/drugi-urzad-skarbowy-w-kielcach
446,świętokrzyskie,US,Urząd Skarbowy w Końskich,26-200,Końskie,Marszałka Piłsudskiego ,156B,Końskie,(41) 372-57-71,(41) 372-33-34,us.konskie@mf.gov.pl ,2606,www.swietokrzyskie.kas.gov.pl/urzad-skarbowy-w-konskich
447,świętokrzyskie,US,Urząd Skarbowy w Opatowie,27-500,Opatów,Jana Kilińskiego ,9,Opatów,(15) 868-50-24,(15) 868-50-25,us.opatow@mf.gov.pl ,2607,www.swietokrzyskie.kas.gov.pl/urzad-skarbowy-w-opatowie
448,świętokrzyskie,US,Urząd Skarbowy w Ostrowcu Świętokrzyskim,27-400,Ostrowiec Świętokrzyski,Polna ,11,Ostrowiec Świętokrzyski,(41) 266-06-14,(41) 266-06-55,us.ostrowiec-swietokrzyski@mf.gov.pl ,2608,www.swietokrzyskie.kas.gov.pl/urzad-skarbowy-w-ostrowcu-swietokrzyskim
449,świętokrzyskie,US,Urząd Skarbowy w Pińczowie,28-400,Pińczów,Grodziskowa ,1,Pińczów,(41) 357-33-36,(41) 357-53-77,us.pinczow@mf.gov.pl ,2609,www.swietokrzyskie.kas.gov.pl/urzad-skarbowy-w-pinczowie
450,świętokrzyskie,US,Urząd Skarbowy w Sandomierzu,27-600,Sandomierz,Żydowska ,1,Sandomierz,(15) 833-18-00,(15) 833-18-02,us.sandomierz@mf.gov.pl ,2610,www.swietokrzyskie.kas.gov.pl/urzad-skarbowy-w-sandomierzu
451,świętokrzyskie,US,Urząd Skarbowy w Skarżysku-Kamiennej,26-110,Skarżysko-Kamienna,1 Maja ,56,Skarżysko-Kamienna,(41) 251-66-30,(41) 251-71-20,us.skarzysko-kamienna@mf.gov.pl ,2611,www.swietokrzyskie.kas.gov.pl/urzad-skarbowy-w-skarzysku-kamiennej
452,świętokrzyskie,US,Urząd Skarbowy w Starachowicach,27-200,Starachowice,Składowa,33,Starachowice,(41) 276-21-00,(41) 276-21-29,us.starachowice@mf.gov.pl ,2612,www.swietokrzyskie.kas.gov.pl/urzad-skarbowy-w-starachowicach
453,świętokrzyskie,US,Urząd Skarbowy w Staszowie,28-200,Staszów,Oględowska,12,Staszów,(15) 864-67-00,(15) 864-30-79,us.staszow@mf.gov.pl ,2613,www.swietokrzyskie.kas.gov.pl/urzad-skarbowy-w-staszowie
454,świętokrzyskie,US,Urząd Skarbowy w Kazimierzy Wielkiej,28-500,Kazimierza Wielka,Tadeusza Kościuszki ,16,Kazimierza Wielka,(41) 350-11-30,(41) 350-11-40,us.kazimierza-wielka@mf.gov.pl ,2614,www.swietokrzyskie.kas.gov.pl/urzad-skarbowy-w-kazimierzy-wielkiej
455,świętokrzyskie,US,Urząd Skarbowy we Włoszczowie,29-100,Włoszczowa,Wiśniowa,10,Włoszczowa,(41) 394-10-62,(41) 394-43-00,us.wloszczowa@mf.gov.pl,2615,www.swietokrzyskie.kas.gov.pl/urzad-skarbowy-we-wloszczowie
462,warmińsko-mazurskie,US,Urząd Skarbowy w Bartoszycach,11-200 ,Bartoszyce,Boh. Warszawy,5,Bartoszyce,(89) 762-79-30,(89) 762-54-10,us.bartoszyce@mf.gov.pl,2802,www.warminsko-mazurskie.kas.gov.pl/urzad-skarbowy-w-bartoszycach
463,warmińsko-mazurskie,US,Urząd Skarbowy w Braniewie,14-500,Braniewo,Jana Matejki,6,Braniewo,(55) 243-95-00,(55) 243-95-30,us.braniewo@mf.gov.pl,2803,www.warminsko-mazurskie.kas.gov.pl/urzad-skarbowy-w-braniewie
464,warmińsko-mazurskie,US,Urząd Skarbowy w Działdowie,13-200,Działdowo,Marii Skłodowskiej-Curie,35A,Działdowo,"(23) 697-30-97, (23) 697-31-43",(23) 696-01-86,us.dzialdowo@mf.gov.pl,2804,www.warminsko-mazurskie.kas.gov.pl/urzad-skarbowy-w-dzialdowie
465,warmińsko-mazurskie,US,Urząd Skarbowy w Elblągu,82-300,Elbląg,Adama Mickiewicza,43,Elbląg,(55) 611-56-00,(55) 611-57-43,us.elblag@mf.gov.pl,2805,www.warminsko-mazurskie.kas.gov.pl/urzad-skarbowy-w-elblagu
466,warmińsko-mazurskie,US,Urząd Skarbowy w Ełku,19-300,Ełk,Wojska Polskiego,67,Ełk,"(87) 610-41-00, (87) 610-55-35, (87) 621-65-54, (87) 610-39-92",(87) 521-30-69,us.elk@mf.gov.pl,2806,www.warminsko-mazurskie.kas.gov.pl/urzad-skarbowy-w-elku
467,warmińsko-mazurskie,US,Urząd Skarbowy w Giżycku,11-500,Giżycko,Tadeusza Kościuszki,15,Giżycko,(87) 429-93-00,(87) 428-35-07,us.gizycko@mf.gov.pl,2807,www.warminsko-mazurskie.kas.gov.pl/urzad-skarbowy-w-gizycku
468,warmińsko-mazurskie,US,Urząd Skarbowy w Iławie,14-200,Iława,Wojska Polskiego,26,Iława,(89) 649-14-00,(89) 649-14-40,us.ilawa@mf.gov.pl,2808,www.warminsko-mazurskie.kas.gov.pl/urzad-skarbowy-w-ilawie
469,warmińsko-mazurskie,US,Urząd Skarbowy w Kętrzynie,11-400,Kętrzyn,Powstańców Warszawy,13,Kętrzyn,(89) 751-78-00,(89) 751-78-01,us.ketrzyn@mf.gov.pl,2809,www.warminsko-mazurskie.kas.gov.pl/urzad-skarbowy-w-ketrzynie
470,warmińsko-mazurskie,US,Urząd Skarbowy w Nidzicy,13-100 ,Nidzica,Żeromskiego,11,Nidzica,(89) 523-18-00,(89) 523-18-01,us.nidzica@mf.gov.pl,2810,www.warminsko-mazurskie.kas.gov.pl/urzad-skarbowy-w-nidzicy
471,warmińsko-mazurskie,US,Urząd Skarbowy w Nowym Mieście Lubawskim,13-300 ,Nowe Miasto Lubawskie,Działyńskich,3,Nowe Miasto Lubawskie,(56) 472-62-79,(56) 472-62-80,us.nowe-miasto-lubawskie@mf.gov.pl,2811,www.warminsko-mazurskie.kas.gov.pl/urzad-skarbowy-w-nowym-miescie-lubawskim
472,warmińsko-mazurskie,US,Urząd Skarbowy w Olecku,19-400 ,Olecko,Wojska Polskiego ,7,Olecko,(87) 629-42-00,(87) 629-42-43,us.olecko@mf.gov.pl,2812,www.warminsko-mazurskie.kas.gov.pl/urzad-skarbowy-w-olecku
473,warmińsko-mazurskie,US,Urząd Skarbowy w Olsztynie,10-950,Olsztyn,Aleja Marszałka Józefa Piłsudskiego,59,Olsztyn,(89) 539-24-00,(89) 539-26-00,us.olsztyn@mf.gov.pl,2813,www.warminsko-mazurskie.kas.gov.pl/urzad-skarbowy-w-olsztynie
474,warmińsko-mazurskie,US,Urząd Skarbowy w Ostródzie,14-100,Ostróda,Olsztyńska  ,5B,Ostróda,(89) 640-71-00,(89) 640-71-06,us.ostroda@mf.gov.pl,2814,www.warminsko-mazurskie.kas.gov.pl/urzad-skarbowy-w-ostrodzie
475,warmińsko-mazurskie,US,Urząd Skarbowy w Piszu,12-200,Pisz,Okopowa  ,2,Pisz,87 423-35-16; 87 425-20-00,(87) 423-25-70,us.pisz@mf.gov.pl,2815,www.warminsko-mazurskie.kas.gov.pl/urzad-skarbowy-w-piszu
476,warmińsko-mazurskie,US,Urząd Skarbowy w Szczytnie,12-100,Szczytno,Warszawska  ,5,Szczytno,(89) 624-75-30,(89) 624-75-32,us.szczytno@mf.gov.pl,2816,www.warminsko-mazurskie.kas.gov.pl/urzad-skarbowy-w-szczytnie
491,wielkopolskie,US,Urząd Skarbowy w Czarnkowie,64-700,Czarnków,Wodna,8,Czarnków,(22) 460 59 91,(67) 222-49-98,us.czarnkow@mf.gov.pl,3002,www.wielkopolskie.kas.gov.pl/urzad-skarbowy-w-czarnkowie
492,wielkopolskie,US,Urząd Skarbowy w Gnieźnie,62-200,Gniezno,Spichrzowa ,4,Gniezno,(22) 460 59 91,(61) 423-77-17,us.gniezno@mf.gov.pl,3003,www.wielkopolskie.kas.gov.pl/urzad-skarbowy-w-gnieznie
493,wielkopolskie,US,Urząd Skarbowy w Gostyniu,63-800,Gostyń,Lipowa ,2,Gostyń,(22) 460 59 91,(65) 572-37-24,us.gostyn@mf.gov.pl,3004,www.wielkopolskie.kas.gov.pl/urzad-skarbowy-w-gostyniu
494,wielkopolskie,US,Urząd Skarbowy w Grodzisku Wielkopolskim,62-065,Grodzisk Wielkopolski,Chopina ,7,Grodzisk Wielkopolski,(22) 460 59 91,(61) 442-64-40,us.grodzisk-wielkopolski@mf.gov.pl,3005,www.wielkopolskie.kas.gov.pl/urzad-skarbowy-w-grodzisku-wielkopolskim
495,wielkopolskie,US,Urząd Skarbowy w Jarocinie,63-200,Jarocin,Tadeusza Kościuszki ,21,Jarocin,(22) 460 59 91,(62) 505-60-29,us.jarocin@mf.gov.pl,3006,www.wielkopolskie.kas.gov.pl/urzad-skarbowy-w-jarocinie
496,wielkopolskie,US,Pierwszy Urząd Skarbowy w Kaliszu,62-800,Kalisz,Wrocławska ,12,Kalisz,(22) 460 59 91,(62) 768-18-55,1us.kalisz@mf.gov.pl,3007,www.wielkopolskie.kas.gov.pl/pierwszy-urzad-skarbowy-w-kaliszu
497,wielkopolskie,US,Drugi Urząd Skarbowy w Kaliszu,62-800,Kalisz,Fabryczna,1a,Kalisz,(22) 460 59 91,(62) 757-68-19,2us.kalisz@mf.gov.pl,3008,www.wielkopolskie.kas.gov.pl/drugi-urzad-skarbowy-w-kaliszu
498,wielkopolskie,US,Urząd Skarbowy w Kępnie,63-600,Kępno,Rynek ,4,Kępno,(22) 460 59 91,(62) 782-93-20,us.kepno@mf.gov.pl,3009,www.wielkopolskie.kas.gov.pl/urzad-skarbowy-w-kepnie
499,wielkopolskie,US,Urząd Skarbowy w Kole,62-600,Koło,Bolesława Prusa ,10,Koło,(22) 460 59 91,(63) 262-85-50,us.kolo@mf.gov.pl,3010,www.wielkopolskie.kas.gov.pl/urzad-skarbowy-w-kole
500,wielkopolskie,US,Urząd Skarbowy w Koninie,62-510,Konin,Zakładowa ,7A,Konin,(22) 460 59 91,(63) 245-68-71,us.konin@mf.gov.pl,3011,www.wielkopolskie.kas.gov.pl/urzad-skarbowy-w-koninie
501,wielkopolskie,US,Urząd Skarbowy w Kościanie,64-000,Kościan,Młyńska ,5,Kościan,(22) 460 59 91,(65) 512-01-50,us.koscian@mf.gov.pl,3012,www.wielkopolskie.kas.gov.pl/urzad-skarbowy-w-koscianie
502,wielkopolskie,US,Urząd Skarbowy w Krotoszynie,63-700,Krotoszyn,Polna ,32,Krotoszyn,(22) 460 59 91,(62) 725-19-01,us.krotoszyn@mf.gov.pl,3013,www.wielkopolskie.kas.gov.pl/urzad-skarbowy-w-krotoszynie
503,wielkopolskie,US,Urząd Skarbowy w Lesznie,64-100,Leszno,Adama Mickiewicza ,7,Leszno,(22) 460 59 91,(65) 528-70-68,us.leszno@mf.gov.pl,3014,www.wielkopolskie.kas.gov.pl/urzad-skarbowy-w-lesznie
504,wielkopolskie,US,Urząd Skarbowy w Międzychodzie,64-400,Międzychód,Marszałka Piłsudskiego ,2,Międzychód,(22) 460 59 91,(95) 748-84-81,us.miedzychod@mf.gov.pl,3015,www.wielkopolskie.kas.gov.pl/urzad-skarbowy-w-miedzychodzie
505,wielkopolskie,US,Urząd Skarbowy w Nowym Tomyślu,64-300,Nowy Tomyśl,Kolejowa ,38,Nowy Tomyśl,(22) 460 59 91,(61) 442-38-41,us.nowy-tomysl@mf.gov.pl,3016,www.wielkopolskie.kas.gov.pl/urzad-skarbowy-w-nowym-tomyslu
506,wielkopolskie,US,Urząd Skarbowy w Ostrowie Wielkopolskim,63-400,Ostrów Wielkopolski,Chłapowskiego ,45,Ostrów Wielkopolski,(22) 460 59 91,(62) 595-52-50,us.ostrow-wielkopolski@mf.gov.pl,3017,www.wielkopolskie.kas.gov.pl/urzad-skarbowy-w-ostrowie-wielkopolskim
507,wielkopolskie,US,Urząd Skarbowy w Ostrzeszowie,63-500,Ostrzeszów,Władysława Grabskiego ,1,Ostrzeszów,(22) 460 59 91,(62) 586-00-11,us.ostrzeszow@mf.gov.pl,3018,www.wielkopolskie.kas.gov.pl/urzad-skarbowy-w-ostrzeszowie
508,wielkopolskie,US,Urząd Skarbowy w Pile,64-920,Piła,Kossaka ,106,Piła,(22) 460 59 91,(67) 351-26-96,us.pila@mf.gov.pl,3019,www.wielkopolskie.kas.gov.pl/urzad-skarbowy-w-pile
509,wielkopolskie,US,Urząd Skarbowy Poznań - Grunwald,60-179,Poznań,Mariana Smoluchowskiego ,1,Poznań,(22) 460 59 91,(61) 664-40-37,us.poznan-grunwald@mf.gov.pl,3020,www.wielkopolskie.kas.gov.pl/urzad-skarbowy-poznan-grunwald
510,wielkopolskie,US,Urząd Skarbowy Poznań - Jeżyce,61-845,Poznań,Strzelecka,2/6,Poznań,(22) 460 59 91,(61) 647-19-21,us.poznan-jezyce@mf.gov.pl,3021,www.wielkopolskie.kas.gov.pl/urzad-skarbowy-poznan-jezyce
511,wielkopolskie,US,Urząd Skarbowy Poznań - Nowe Miasto,60-965,Poznań,Dezyderego Chłapowskiego,17/18,Poznań,(22) 460 59 91,(61) 874-71-10,us.poznan.nowe-miasto@mf.gov.pl,3022,www.wielkopolskie.kas.gov.pl/urzad-skarbowy-poznan-nowe-miasto
512,wielkopolskie,US,Pierwszy Urząd Skarbowy w Poznaniu,61-501,Poznań,Dolna Wilda,80,Poznań,(22) 460 59 91,(61) 651-25-10,1us.poznan@mf.gov.pl,3023,www.wielkopolskie.kas.gov.pl/pierwszy-urzad-skarbowy-w-poznaniu
513,wielkopolskie,US,Urząd Skarbowy Poznań - Winogrady,60-685,Poznań,Zygmunta Wojciechowskiego ,3/5,Poznań,(22) 460 59 91,(61) 827-01-01,us.poznan-winogrady@mf.gov.pl,3025,www.wielkopolskie.kas.gov.pl/urzad-skarbowy-poznan-winogrady
514,wielkopolskie,US,Urząd Skarbowy Poznań - Wilda,61-501,Poznań,Dolna Wilda,80B,Poznań,(22) 460 59 91,(61) 833-38-12,us.poznan-wilda@mf.gov.pl,3026,www.wielkopolskie.kas.gov.pl/urzad-skarbowy-poznan-wilda
515,wielkopolskie,US,Urząd Skarbowy w Rawiczu,63-900,Rawicz,Stanisława Staszica ,4,Rawicz,(22) 460 59 91,(65) 546-61-52,us.rawicz@mf.gov.pl,3027,www.wielkopolskie.kas.gov.pl/urzad-skarbowy-w-rawiczu
516,wielkopolskie,US,Urząd Skarbowy w Słupcy,62-400,Słupca,Wspólna ,1,Słupca,(22) 460 59 91,(63) 274-39-75,us.slupca@mf.gov.pl,3028,www.wielkopolskie.kas.gov.pl/urzad-skarbowy-w-slupcy
517,wielkopolskie,US,Urząd Skarbowy w Szamotułach,64-500,Szamotuły,Bolesława Chrobrego ,17A,Szamotuły,(22) 460 59 91,(61) 292-06-40,us.szamotuly@mf.gov.pl,3029,www.wielkopolskie.kas.gov.pl/urzad-skarbowy-w-szamotulach
518,wielkopolskie,US,Urząd Skarbowy w Śremie,63-100,Śrem,Wojska Polskiego ,12,Śrem,(22) 460 59 91,(61) 283-67-44,us.srem@mf.gov.pl,3030,www.wielkopolskie.kas.gov.pl/urzad-skarbowy-w-sremie
519,wielkopolskie,US,Urząd Skarbowy w Środzie Wielkopolskiej,63-000,Środa Wielkopolska,Harcerska ,2,Środa Wielkopolska,(22) 460 59 91,(61) 286-79-17,us.sroda-wielkopolska@mf.gov.pl,3031,www.wielkopolskie.kas.gov.pl/urzad-skarbowy-w-srodzie-wielkopolskiej
520,wielkopolskie,US,Urząd Skarbowy w Turku,62-700,Turek,Konińska ,1,Turek,(22) 460 59 91,(63) 278-83-30,us.turek@mf.gov.pl,3032,www.wielkopolskie.kas.gov.pl/urzad-skarbowy-w-turku
521,wielkopolskie,US,Urząd Skarbowy w Wągrowcu,62-100,Wągrowiec,Kościuszki,19A,Wągrowiec,(22) 460 59 91,(67) 268-11-63,us.wagrowiec@mf.gov.pl,3033,www.wielkopolskie.kas.gov.pl/urzad-skarbowy-w-wagrowcu
522,wielkopolskie,US,Urząd Skarbowy w Wolsztynie,64-200,Wolsztyn,Dworcowa ,15,Wolsztyn,(22) 460 59 91,(68) 347-55-38,us.wolsztyn@mf.gov.pl,3034,www.wielkopolskie.kas.gov.pl/urzad-skarbowy-w-wolsztynie
523,wielkopolskie,US,Urząd Skarbowy we Wrześni,62-300,Września,Warszawska ,26,Września,(22) 460 59 91,(61) 435-91-06,us.wrzesnia@mf.gov.pl,3035,www.wielkopolskie.kas.gov.pl/urzad-skarbowy-w-wrzesni
524,wielkopolskie,US,Urząd Skarbowy w Złotowie,77-400,Złotów,Al. Piasta,25,Złotów,(22) 460 59 91,(61) 263-39-00,us.zlotow@mf.gov.pl,3036,www.wielkopolskie.kas.gov.pl/urzad-skarbowy-w-zlotowie
525,wielkopolskie,US,Urząd Skarbowy w Chodzieży,64-800,Chodzież,Ofiar Gór Morzewskich ,1,Chodzież,(22) 460 59 91,(67) 281-26-01,us.chodziez@mf.gov.pl,3037,www.wielkopolskie.kas.gov.pl/urzad-skarbowy-w-chodziezy
526,wielkopolskie,US,Urząd Skarbowy w Obornikach,64-600,Oborniki,Rynek ,4,Oborniki,(22) 460 59 91,(61) 297-54-01,us.oborniki@mf.gov.pl,3038,www.wielkopolskie.kas.gov.pl/urzad-skarbowy-w-obornikach
527,wielkopolskie,US,Urząd Skarbowy w Pleszewie,63-300,Pleszew,M. Bogusza,6,Pleszew,(22) 460 59 91,(62) 508-17-89,us.pleszew@mf.gov.pl,3039,www.wielkopolskie.kas.gov.pl/urzad-skarbowy-w-pleszewie
543,zachodniopomorskie,US,Urząd Skarbowy w Białogardzie,78-200,Białogard,Mickiewicza,3,Białogard,(94) 311 04 00      ,(94) 312 48 68,us.bialogard@mf.gov.pl,3202,www.zachodniopomorskie.kas.gov.pl/urzad-skarbowy-w-bialogardzie
544,zachodniopomorskie,US,Urząd Skarbowy w Choszcznie,73-200,Choszczno,Lipcowa,16,Choszczno,(95) 717 43 00,(95) 717 43 61,us.choszczno@mf.gov.pl,3203,www.zachodniopomorskie.kas.gov.pl/urzad-skarbowy-w-choszcznie
545,zachodniopomorskie,US,Urząd Skarbowy w Drawsku Pomorskim,78-500,Drawsko Pomorskie,Józefa Piłsudskiego ,35-37,Drawsko Pomorskie, (94) 363 63 00,(94) 363 63 01,us.drawsko.pomorskie@mf.gov.pl,3204,www.zachodniopomorskie.kas.gov.pl/urzad-skarbowy-w-drawsku-pomorskim
546,zachodniopomorskie,US,Urząd Skarbowy w Goleniowie,72-100,Goleniów,Plac Lotników ,1,Goleniów,(91) 432 15 00,(91) 418 25 98,us.goleniow@mf.gov.pl,3205,www.zachodniopomorskie.kas.gov.pl/urzad-skarbowy-w-goleniowie
547,zachodniopomorskie,US,Urząd Skarbowy w Gryficach,72-300,Gryfice,Niepodległości ,54A,Gryfice,(91) 387 84 00,(91) 387 84 02,us.gryfice@mf.gov.pl,3206,www.zachodniopomorskie.kas.gov.pl/urzad-skarbowy-w-gryficach
548,zachodniopomorskie,US,Urząd Skarbowy w Gryfinie,74-100,Gryfino,Szczecińska ,24,Gryfino,(91) 416 41 30; (91) 416 46 95,(91) 404 51 58,us.gryfino@mf.gov.pl,3207,www.zachodniopomorskie.kas.gov.pl/urzad-skarbowy-w-gryfinie
549,zachodniopomorskie,US,Urząd Skarbowy w Kamieniu Pomorskim,72-400,Kamień Pomorski,Mieszka I ,5B,Kamień Pomorski,(91) 382 00 54       (91) 382 25 54,(91) 382 19 46,us.kamien-pomorski@mf.gov.pl,3208,www.zachodniopomorskie.kas.gov.pl/urzad-skarbowy-w-kamieniu-pomorskim
550,zachodniopomorskie,US,Urząd Skarbowy w Kołobrzegu,78-100,Kołobrzeg,Armii Krajowej ,2,Kołobrzeg,(94) 355 19 00,(94) 352 48 38,us.kolobrzeg@mf.gov.pl,3209,www.zachodniopomorskie.kas.gov.pl/urzad-skarbowy-w-kolobrzegu
551,zachodniopomorskie,US,Pierwszy Urząd Skarbowy w Koszalinie,75-216,Koszalin,Przemysłowa ,3,Koszalin,(94) 345 95 00,(94) 346 07 51,1us.koszalin@mf.gov.pl,3210,www.zachodniopomorskie.kas.gov.pl/pierwszy-urzad-skarbowy-w-koszalinie
552,zachodniopomorskie,US,Drugi Urząd Skarbowy w Koszalinie,75-549,Koszalin,Stanisława Moniuszki ,15,Koszalin,(94) 347 75 00,(94) 347 76 00,2us.koszalin@mf.gov.pl,3211,www.zachodniopomorskie.kas.gov.pl/drugi-urzad-skarbowy-w-koszalinie
553,zachodniopomorskie,US,Urząd Skarbowy w Myśliborzu,74-300,Myślibórz,Witolda Pileckiego,18,Myślibórz,(95) 747 72 20,(95) 747 72 99,us.mysliborz@mf.gov.pl,3212,www.zachodniopomorskie.kas.gov.pl/urzad-skarbowy-w-mysliborzu
554,zachodniopomorskie,US,Urząd Skarbowy w Pyrzycach,74-200,Pyrzyce,1 Maja ,16,Pyrzyce,(91) 578 91 00,(91) 570 27 10,us.pyrzyce@mf.gov.pl,3213,www.zachodniopomorskie.kas.gov.pl/urzad-skarbowy-w-pyrzycach
555,zachodniopomorskie,US,Urząd Skarbowy w Stargardzie,73-110,Stargard,Towarowa ,15,Stargard,(91) 576 32 00,(91) 576 32 01,us.stargard@mf.gov.pl,3214,www.zachodniopomorskie.kas.gov.pl/urzad-skarbowy-w-stargardzie
556,zachodniopomorskie,US,Pierwszy Urząd Skarbowy w Szczecinie,70-217,Szczecin,Michała Drzymały ,5,Szczecin,(91) 813 05 00,(91) 813 72 70,1us.szczecin@mf.gov.pl,3215,www.zachodniopomorskie.kas.gov.pl/pierwszy-urzad-skarbowy-w-szczecinie
557,zachodniopomorskie,US,Drugi Urząd Skarbowy w Szczecinie,71-417,Szczecin,Wacława Felczaka,19,Szczecin,(91) 882 31 00,(91) 882 31 15,2us.szczecin@mf.gov.pl,3216,www.zachodniopomorskie.kas.gov.pl/drugi-urzad-skarbowy-w-szczecinie
558,zachodniopomorskie,US,Trzeci Urząd Skarbowy w Szczecinie,70-783,Szczecin,Lucjana Rydla ,65,Szczecin,(91) 810 34 00,(91) 810 34 36,3us.szczecin@mf.gov.pl,3217,www.zachodniopomorskie.kas.gov.pl/trzeci-urzad-skarbowy-w-szczecinie
559,zachodniopomorskie,US,Urząd Skarbowy w Szczecinku,78-400,Szczecinek,Mickiewicza,13.14,Szczecinek,(94) 37 14 600,(94) 37 14 681,us.szczecinek@mf.gov.pl,3218,www.zachodniopomorskie.kas.gov.pl/urzad-skarbowy-w-szczecinku
560,zachodniopomorskie,US,Urząd Skarbowy w Świnoujściu,72-600,Świnoujście,Kazimierza Pułaskiego ,7,Świnoujście,(91) 322 02 00,(91) 321 54 17,us.swinoujscie@mf.gov.pl,3219,www.zachodniopomorskie.kas.gov.pl/urzad-skarbowy-w-swinoujsciu
561,zachodniopomorskie,US,Urząd Skarbowy w Wałczu,78-600,Wałcz,T. Kościuszki,4,Wałcz,(67) 254 98 00,(67) 254 98 98,us.walcz@mf.gov.pl,3220,www.zachodniopomorskie.kas.gov.pl/urzad-skarbowy-w-walczu
